FirstName,LastName,email,State,CountryCo,Department,Password,Company,OU,maildomain
Mikayla,House,,AK,US,IT,Password1,TOP,CN=UsersLab,TOP.com
Yehuda,Jenkins,,AK,US,HR,Password1,TOP,CN=UsersLab,TOP.com
Rylee,Salazar,,AK,US,Marketing,Password1,TOP,CN=UsersLab,TOP.com
Brody,Spence,,AK,US,Training,Password1,TOP,CN=UsersLab,TOP.com
Aislinn,Small,,AK,US,IT,Password1,TOP,CN=UsersLab,TOP.com
Rudy,McPherson,,AK,US,IT,Password1,TOP,CN=UsersLab,TOP.com
Emmaline,Torres,,AK,US,HR,Password1,TOP,CN=UsersLab,TOP.com
Jayden,Potter,,AK,US,Marketing,Password1,TOP,CN=UsersLab,TOP.com
Rory,Fuentes,,AK,US,Training,Password1,TOP,CN=UsersLab,TOP.com
Bowen,Castro,,AK,US,IT,Password1,TOP,CN=UsersLab,TOP.com
Eloise,Hoover,,AK,US,IT,Password1,TOP,CN=UsersLab,TOP.com
Jaziel,Palmer,,AK,US,HR,Password1,TOP,CN=UsersLab,TOP.com
Juniper,Phan,,AK,US,Marketing,Password1,TOP,CN=UsersLab,TOP.com
Maison,Ali,,AK,US,Training,Password1,TOP,CN=UsersLab,TOP.com
Zelda,Mejia,,AK,US,IT,Password1,TOP,CN=UsersLab,TOP.com
Atticus,Frye,,PYN,KOR,IT,Password1,TOP,CN=UsersLab,TOP.com
Raya,Trevino,,PYN,KOR,HR,Password1,TOP,CN=UsersLab,TOP.com
Jaime,Harrell,,PYN,KOR,Marketing,Password1,TOP,CN=UsersLab,TOP.com
Kara,Dorsey,,PYN,KOR,Training,Password1,TOP,CN=UsersLab,TOP.com
Enoch,Strickland,,PYN,KOR,IT,Password1,TOP,CN=UsersLab,TOP.com
Nia,Rasmussen,,AK,US,IT,Password1,TOP,CN=UsersLab,TOP.com
Will,Scott,,AK,US,HR,Password1,TOP,CN=UsersLab,TOP.com
Aurora,Dominguez,,AK,US,Marketing,Password1,TOP,CN=UsersLab,TOP.com
Kaden,Day,,AK,US,Training,Password1,TOP,CN=UsersLab,TOP.com
Hayden,McKenzie,,AK,US,IT,Password1,TOP,CN=UsersLab,TOP.com
Scott,Wyatt,,AK,US,IT,Password1,TOP,CN=UsersLab,TOP.com
Liberty,Delacruz,,AK,US,HR,Password1,TOP,CN=UsersLab,TOP.com
Memphis,Maxwell,,AK,US,Marketing,Password1,TOP,CN=UsersLab,TOP.com
Kyla,Burgess,,AK,US,Training,Password1,TOP,CN=UsersLab,TOP.com
Kolton,Shepard,,AK,US,IT,Password1,TOP,CN=UsersLab,TOP.com
Noor,Wilkinson,,AK,US,IT,Password1,TOP,CN=UsersLab,TOP.com
Leonard,Prince,,AK,US,HR,Password1,TOP,CN=UsersLab,TOP.com
Greta,Cooper,,AK,US,Marketing,Password1,TOP,CN=UsersLab,TOP.com
Jonathan,Thomas,,AK,US,Training,Password1,TOP,CN=UsersLab,TOP.com
Elizabeth,Sutton,,AK,US,IT,Password1,TOP,CN=UsersLab,TOP.com
Warren,Underwood,,PYN,KOR,IT,Password1,TOP,CN=UsersLab,TOP.com
Ensley,Davila,,PYN,KOR,HR,Password1,TOP,CN=UsersLab,TOP.com
Grey,Barrera,,PYN,KOR,Marketing,Password1,TOP,CN=UsersLab,TOP.com
Beatrice,Yu,,PYN,KOR,Training,Password1,TOP,CN=UsersLab,TOP.com
Bryant,Ware,,PYN,KOR,IT,Password1,TOP,CN=UsersLab,TOP.com
Eileen,Cruz,,AK,US,IT,Password1,TOP,CN=UsersLab,TOP.com
Ryan,Duke,,AK,US,HR,Password1,TOP,CN=UsersLab,TOP.com
Melani,Sexton,,AK,US,Marketing,Password1,TOP,CN=UsersLab,TOP.com
Mylo,Livingston,,AK,US,Training,Password1,TOP,CN=UsersLab,TOP.com
Milena,Lu,,AK,US,IT,Password1,TOP,CN=UsersLab,TOP.com
Duncan,Colon,,AK,US,IT,Password1,TOP,CN=UsersLab,TOP.com
Remy,Esparza,,AK,US,HR,Password1,TOP,CN=UsersLab,TOP.com
Carl,Olson,,AK,US,Marketing,Password1,TOP,CN=UsersLab,TOP.com
Isabel,Austin,,AK,US,Training,Password1,TOP,CN=UsersLab,TOP.com
Omar,Bradley,,AK,US,IT,Password1,TOP,CN=UsersLab,TOP.com
Vanessa,Nelson,,AK,US,IT,Password1,TOP,CN=UsersLab,TOP.com
Dylan,Marquez,,AK,US,HR,Password1,TOP,CN=UsersLab,TOP.com
Milani,Ferguson,,AK,US,Marketing,Password1,TOP,CN=UsersLab,TOP.com
Miguel,Le,,AK,US,Training,Password1,TOP,CN=UsersLab,TOP.com
Myla,Huff,,AK,US,IT,Password1,TOP,CN=UsersLab,TOP.com
Finnley,Marks,,PYN,KOR,IT,Password1,TOP,CN=UsersLab,TOP.com
Monica,Sharp,,PYN,KOR,HR,Password1,TOP,CN=UsersLab,TOP.com
Royce,McCormick,,PYN,KOR,Marketing,Password1,TOP,CN=UsersLab,TOP.com
Macie,Calhoun,,PYN,KOR,Training,Password1,TOP,CN=UsersLab,TOP.com
Gary,Schneider,,PYN,KOR,IT,Password1,TOP,CN=UsersLab,TOP.com
Delaney,Bentley,,AK,US,IT,Password1,TOP,CN=UsersLab,TOP.com
Randy,Novak,,AK,US,HR,Password1,TOP,CN=UsersLab,TOP.com
Kaiya,Bates,,AK,US,Marketing,Password1,TOP,CN=UsersLab,TOP.com
Ellis,Park,,AK,US,Training,Password1,TOP,CN=UsersLab,TOP.com
Lia,Everett,,AK,US,IT,Password1,TOP,CN=UsersLab,TOP.com
Camilo,Burnett,,AK,US,IT,Password1,TOP,CN=UsersLab,TOP.com
Emberly,Willis,,AK,US,HR,Password1,TOP,CN=UsersLab,TOP.com
Remington,Malone,,AK,US,Marketing,Password1,TOP,CN=UsersLab,TOP.com
Skyler,Mayo,,AK,US,Training,Password1,TOP,CN=UsersLab,TOP.com
Jericho,Baker,,AK,US,IT,Password1,TOP,CN=UsersLab,TOP.com
Isla,Bean,,AK,US,IT,Password1,TOP,CN=UsersLab,TOP.com
Mccoy,Shepherd,,AK,US,HR,Password1,TOP,CN=UsersLab,TOP.com
Katalina,Humphrey,,AK,US,Marketing,Password1,TOP,CN=UsersLab,TOP.com
Krew,McCarty,,AK,US,Training,Password1,TOP,CN=UsersLab,TOP.com
Halo,Huynh,,AK,US,IT,Password1,TOP,CN=UsersLab,TOP.com
Layton,Gillespie,,PYN,KOR,IT,Password1,TOP,CN=UsersLab,TOP.com
Alianna,Miller,,PYN,KOR,HR,Password1,TOP,CN=UsersLab,TOP.com
Benjamin,Meyer,,PYN,KOR,Marketing,Password1,TOP,CN=UsersLab,TOP.com
Sara,Soto,,PYN,KOR,Training,Password1,TOP,CN=UsersLab,TOP.com
Barrett,Raymond,,PYN,KOR,IT,Password1,TOP,CN=UsersLab,TOP.com
Hadlee,Lane,,AK,US,IT,Password1,TOP,CN=UsersLab,TOP.com
Matias,Watkins,,AK,US,HR,Password1,TOP,CN=UsersLab,TOP.com
Lola,Blankenship,,AK,US,Marketing,Password1,TOP,CN=UsersLab,TOP.com
Ernesto,Hanna,,AK,US,Training,Password1,TOP,CN=UsersLab,TOP.com
Cynthia,Strong,,AK,US,IT,Password1,TOP,CN=UsersLab,TOP.com
Axl,Calderon,,AK,US,IT,Password1,TOP,CN=UsersLab,TOP.com
Serena,Vance,,AK,US,HR,Password1,TOP,CN=UsersLab,TOP.com
Casen,Bowman,,AK,US,Marketing,Password1,TOP,CN=UsersLab,TOP.com
Fiona,Pennington,,AK,US,Training,Password1,TOP,CN=UsersLab,TOP.com
Bobby,Medina,,AK,US,IT,Password1,TOP,CN=UsersLab,TOP.com
Elliana,Avery,,AK,US,IT,Password1,TOP,CN=UsersLab,TOP.com
Jakari,Clark,,AK,US,HR,Password1,TOP,CN=UsersLab,TOP.com
Chloe,Wu,,AK,US,Marketing,Password1,TOP,CN=UsersLab,TOP.com
Kyson,Clements,,AK,US,Training,Password1,TOP,CN=UsersLab,TOP.com
Cara,Brock,,AK,US,IT,Password1,TOP,CN=UsersLab,TOP.com
Julio,Miranda,,PYN,KOR,IT,Password1,TOP,CN=UsersLab,TOP.com
Amina,Gallegos,,PYN,KOR,HR,Password1,TOP,CN=UsersLab,TOP.com
Jonas,Tapia,,PYN,KOR,Marketing,Password1,TOP,CN=UsersLab,TOP.com
Michaela,Hughes,,PYN,KOR,Training,Password1,TOP,CN=UsersLab,TOP.com
Everett,Randolph,,PYN,KOR,IT,Password1,TOP,CN=UsersLab,TOP.com
Kailey,Villegas,,AK,US,IT,Password1,TOP,CN=UsersLab,TOP.com
Clyde,Pace,,AK,US,HR,Password1,TOP,CN=UsersLab,TOP.com
Giana,Carey,,AK,US,Marketing,Password1,TOP,CN=UsersLab,TOP.com
Watson,Joseph,,AK,US,Training,Password1,TOP,CN=UsersLab,TOP.com
Gracelynn,Rhodes,,AK,US,IT,Password1,TOP,CN=UsersLab,TOP.com
Titus,Garrison,,AK,US,IT,Password1,TOP,CN=UsersLab,TOP.com
Cadence,Doyle,,AK,US,HR,Password1,TOP,CN=UsersLab,TOP.com
Kashton,Wallace,,AK,US,Marketing,Password1,TOP,CN=UsersLab,TOP.com
Arianna,Dunn,,AK,US,Training,Password1,TOP,CN=UsersLab,TOP.com
Dawson,Ross,,AK,US,IT,Password1,TOP,CN=UsersLab,TOP.com
Peyton,Bowen,,AK,US,IT,Password1,TOP,CN=UsersLab,TOP.com
Trevor,Lambert,,AK,US,HR,Password1,TOP,CN=UsersLab,TOP.com
Nina,Espinosa,,AK,US,Marketing,Password1,TOP,CN=UsersLab,TOP.com
Khalid,Benton,,AK,US,Training,Password1,TOP,CN=UsersLab,TOP.com
Anais,Francis,,AK,US,IT,Password1,TOP,CN=UsersLab,TOP.com
Harvey,Sosa,,PYN,KOR,IT,Password1,TOP,CN=UsersLab,TOP.com
Cassandra,Jimenez,,PYN,KOR,HR,Password1,TOP,CN=UsersLab,TOP.com
Silas,Lindsey,,PYN,KOR,Marketing,Password1,TOP,CN=UsersLab,TOP.com
Colette,Mann,,PYN,KOR,Training,Password1,TOP,CN=UsersLab,TOP.com
Nehemiah,Roberson,,PYN,KOR,IT,Password1,TOP,CN=UsersLab,TOP.com
Sasha,Carson,,AK,US,IT,Password1,TOP,CN=UsersLab,TOP.com
Ares,Sexton,,AK,US,HR,Password1,TOP,CN=UsersLab,TOP.com
Ellen,Hurst,,AK,US,Marketing,Password1,TOP,CN=UsersLab,TOP.com
Neil,Rush,,AK,US,Training,Password1,TOP,CN=UsersLab,TOP.com
Maleah,Guerrero,,AK,US,IT,Password1,TOP,CN=UsersLab,TOP.com
Bryce,Austin,,AK,US,IT,Password1,TOP,CN=UsersLab,TOP.com
Alivia,Howe,,AK,US,HR,Password1,TOP,CN=UsersLab,TOP.com
Alaric,Clarke,,AK,US,Marketing,Password1,TOP,CN=UsersLab,TOP.com
Kaitlyn,Hawkins,,AK,US,Training,Password1,TOP,CN=UsersLab,TOP.com
Victor,Jarvis,,AK,US,IT,Password1,TOP,CN=UsersLab,TOP.com
Elisabeth,Valencia,,AK,US,IT,Password1,TOP,CN=UsersLab,TOP.com
Dax,Steele,,AK,US,HR,Password1,TOP,CN=UsersLab,TOP.com
Rylie,Vu,,AK,US,Marketing,Password1,TOP,CN=UsersLab,TOP.com
Kamdyn,Alvarado,,AK,US,Training,Password1,TOP,CN=UsersLab,TOP.com
Blake,Sparks,,AK,US,IT,Password1,TOP,CN=UsersLab,TOP.com
Drake,Franklin,,PYN,KOR,IT,Password1,TOP,CN=UsersLab,TOP.com
Angela,Dalton,,PYN,KOR,HR,Password1,TOP,CN=UsersLab,TOP.com
Fletcher,Leach,,PYN,KOR,Marketing,Password1,TOP,CN=UsersLab,TOP.com
Martha,Sanders,,PYN,KOR,Training,Password1,TOP,CN=UsersLab,TOP.com
Jose,Duran,,PYN,KOR,IT,Password1,TOP,CN=UsersLab,TOP.com
Willa,Cobb,,AK,US,IT,Password1,TOP,CN=UsersLab,TOP.com
Raphael,Mays,,AK,US,HR,Password1,TOP,CN=UsersLab,TOP.com
Denisse,Allison,,AK,US,Marketing,Password1,TOP,CN=UsersLab,TOP.com
Dennis,Rich,,AK,US,Training,Password1,TOP,CN=UsersLab,TOP.com
Sunny,Ray,,AK,US,IT,Password1,TOP,CN=UsersLab,TOP.com
Arlo,Griffin,,AK,US,IT,Password1,TOP,CN=UsersLab,TOP.com
Charlie,Pace,,AK,US,HR,Password1,TOP,CN=UsersLab,TOP.com
Dior,Walls,,AK,US,Marketing,Password1,TOP,CN=UsersLab,TOP.com
Lilianna,Roman,,AK,US,Training,Password1,TOP,CN=UsersLab,TOP.com
Kian,McIntyre,,AK,US,IT,Password1,TOP,CN=UsersLab,TOP.com
Rebekah,Vincent,,AK,US,IT,Password1,TOP,CN=UsersLab,TOP.com
Aarav,Lowe,,AK,US,HR,Password1,TOP,CN=UsersLab,TOP.com
Amari,Stephenson,,AK,US,Marketing,Password1,TOP,CN=UsersLab,TOP.com
Joe,Taylor,,AK,US,Training,Password1,TOP,CN=UsersLab,TOP.com
Sofia,Quintana,,AK,US,IT,Password1,TOP,CN=UsersLab,TOP.com
Kelvin,Espinosa,,PYN,KOR,IT,Password1,TOP,CN=UsersLab,TOP.com
Braylee,Small,,PYN,KOR,HR,Password1,TOP,CN=UsersLab,TOP.com
Rudy,Lam,,PYN,KOR,Marketing,Password1,TOP,CN=UsersLab,TOP.com
Karina,Buck,,PYN,KOR,Training,Password1,TOP,CN=UsersLab,TOP.com
Jon,Moreno,,PYN,KOR,IT,Password1,TOP,CN=UsersLab,TOP.com
Mary,Walter,,AK,US,IT,Password1,TOP,CN=UsersLab,TOP.com
Lochlan,Bonilla,,AK,US,HR,Password1,TOP,CN=UsersLab,TOP.com
Romina,Gates,,AK,US,Marketing,Password1,TOP,CN=UsersLab,TOP.com
Ermias,Xiong,,AK,US,Training,Password1,TOP,CN=UsersLab,TOP.com
Amayah,Lucas,,AK,US,IT,Password1,TOP,CN=UsersLab,TOP.com
Chance,Kemp,,AK,US,IT,Password1,TOP,CN=UsersLab,TOP.com
Anika,Barrett,,AK,US,HR,Password1,TOP,CN=UsersLab,TOP.com
Angelo,Velazquez,,AK,US,Marketing,Password1,TOP,CN=UsersLab,TOP.com
Jaliyah,Carrillo,,AK,US,Training,Password1,TOP,CN=UsersLab,TOP.com
Wade,Hendrix,,AK,US,IT,Password1,TOP,CN=UsersLab,TOP.com
Zhuri,Moyer,,AK,US,IT,Password1,TOP,CN=UsersLab,TOP.com
Ahmir,Madden,,AK,US,HR,Password1,TOP,CN=UsersLab,TOP.com
Violette,Evans,,AK,US,Marketing,Password1,TOP,CN=UsersLab,TOP.com
Elias,Rivera,,AK,US,Training,Password1,TOP,CN=UsersLab,TOP.com
Lillian,Yates,,AK,US,IT,Password1,TOP,CN=UsersLab,TOP.com
Braylon,Middleton,,PYN,KOR,IT,Password1,TOP,CN=UsersLab,TOP.com
Madalyn,Waters,,PYN,KOR,HR,Password1,TOP,CN=UsersLab,TOP.com
Maximilian,Rosario,,PYN,KOR,Marketing,Password1,TOP,CN=UsersLab,TOP.com
Louisa,Russell,,PYN,KOR,Training,Password1,TOP,CN=UsersLab,TOP.com
Weston,Blake,,PYN,KOR,IT,Password1,TOP,CN=UsersLab,TOP.com
Amanda,Hamilton,,AK,US,IT,Password1,TOP,CN=UsersLab,TOP.com
Jason,Andersen,,AK,US,HR,Password1,TOP,CN=UsersLab,TOP.com
Zoie,Bowers,,AK,US,Marketing,Password1,TOP,CN=UsersLab,TOP.com
Dorian,Spence,,AK,US,Training,Password1,TOP,CN=UsersLab,TOP.com
Aislinn,Juarez,,AK,US,IT,Password1,TOP,CN=UsersLab,TOP.com
Joaquin,Thompson,,AK,US,IT,Password1,TOP,CN=UsersLab,TOP.com
Madison,Saunders,,AK,US,HR,Password1,TOP,CN=UsersLab,TOP.com
Kasen,Delacruz,,AK,US,Marketing,Password1,TOP,CN=UsersLab,TOP.com
Celine,Cruz,,AK,US,Training,Password1,TOP,CN=UsersLab,TOP.com
Ryan,Greer,,AK,US,IT,Password1,TOP,CN=UsersLab,TOP.com
Reina,Leonard,,AK,US,IT,Password1,TOP,CN=UsersLab,TOP.com
Ricardo,Ramsey,,AK,US,HR,Password1,TOP,CN=UsersLab,TOP.com
Lyric,Dunn,,AK,US,Marketing,Password1,TOP,CN=UsersLab,TOP.com
Dawson,Adkins,,AK,US,Training,Password1,TOP,CN=UsersLab,TOP.com
Emelia,Browning,,AK,US,IT,Password1,TOP,CN=UsersLab,TOP.com
Rohan,Bowman,,PYN,KOR,IT,Password1,TOP,CN=UsersLab,TOP.com
Fiona,Cisneros,,PYN,KOR,HR,Password1,TOP,CN=UsersLab,TOP.com
Alden,Pope,,PYN,KOR,Marketing,Password1,TOP,CN=UsersLab,TOP.com
Aurelia,Avalos,,PYN,KOR,Training,Password1,TOP,CN=UsersLab,TOP.com
Coen,Patel,,PYN,KOR,IT,Password1,TOP,CN=UsersLab,TOP.com
Madeline,Webb,,AK,US,IT,Password1,TOP,CN=UsersLab,TOP.com
Lorenzo,Scott,,AK,US,HR,Password1,TOP,CN=UsersLab,TOP.com
Aurora,Hamilton,,AK,US,Marketing,Password1,TOP,CN=UsersLab,TOP.com
Jason,Lozano,,AK,US,Training,Password1,TOP,CN=UsersLab,TOP.com
Cecelia,Benitez,,AK,US,IT,Password1,TOP,CN=UsersLab,TOP.com
Justice,Sanchez,,AK,US,IT,Password1,TOP,CN=UsersLab,TOP.com
Aria,Liu,,AK,US,HR,Password1,TOP,CN=UsersLab,TOP.com
Pedro,Golden,,AK,US,Marketing,Password1,TOP,CN=UsersLab,TOP.com
Giuliana,Arias,,AK,US,Training,Password1,TOP,CN=UsersLab,TOP.com
Alec,Avila,,AK,US,IT,Password1,TOP,CN=UsersLab,TOP.com
Amiyah,Clark,,AK,US,IT,Password1,TOP,CN=UsersLab,TOP.com
John,Wood,,AK,US,HR,Password1,TOP,CN=UsersLab,TOP.com
Natalia,Baxter,,AK,US,Marketing,Password1,TOP,CN=UsersLab,TOP.com
Tomas,Hodges,,AK,US,Training,Password1,TOP,CN=UsersLab,TOP.com
Eve,Houston,,AK,US,IT,Password1,TOP,CN=UsersLab,TOP.com
Sylas,Merritt,,PYN,KOR,IT,Password1,TOP,CN=UsersLab,TOP.com
Kaisley,Baldwin,,PYN,KOR,HR,Password1,TOP,CN=UsersLab,TOP.com
Jaiden,Choi,,PYN,KOR,Marketing,Password1,TOP,CN=UsersLab,TOP.com
Karla,Russell,,PYN,KOR,Training,Password1,TOP,CN=UsersLab,TOP.com
Weston,Pineda,,PYN,KOR,IT,Password1,TOP,CN=UsersLab,TOP.com
Nola,Vazquez,,AK,US,IT,Password1,TOP,CN=UsersLab,TOP.com
Jesse,Walters,,AK,US,HR,Password1,TOP,CN=UsersLab,TOP.com
Samara,Frank,,AK,US,Marketing,Password1,TOP,CN=UsersLab,TOP.com
Braylen,Bass,,AK,US,Training,Password1,TOP,CN=UsersLab,TOP.com
Zahra,Kline,,AK,US,IT,Password1,TOP,CN=UsersLab,TOP.com
Ramon,McCoy,,AK,US,IT,Password1,TOP,CN=UsersLab,TOP.com
Mckenzie,Mills,,AK,US,HR,Password1,TOP,CN=UsersLab,TOP.com
Alex,Carpenter,,AK,US,Marketing,Password1,TOP,CN=UsersLab,TOP.com
Lilly,Flores,,AK,US,Training,Password1,TOP,CN=UsersLab,TOP.com
Lincoln,Owen,,AK,US,IT,Password1,TOP,CN=UsersLab,TOP.com
Mikayla,Schmidt,,AK,US,IT,Password1,TOP,CN=UsersLab,TOP.com
Zayden,Powers,,AK,US,HR,Password1,TOP,CN=UsersLab,TOP.com
Michelle,Castaneda,,AK,US,Marketing,Password1,TOP,CN=UsersLab,TOP.com
Collin,Cabrera,,AK,US,Training,Password1,TOP,CN=UsersLab,TOP.com
Daleyza,Enriquez,,AK,US,IT,Password1,TOP,CN=UsersLab,TOP.com
Elisha,Payne,,PYN,KOR,IT,Password1,TOP,CN=UsersLab,TOP.com
London,Orozco,,PYN,KOR,HR,Password1,TOP,CN=UsersLab,TOP.com
Keanu,Gould,,PYN,KOR,Marketing,Password1,TOP,CN=UsersLab,TOP.com
Violeta,Dawson,,PYN,KOR,Training,Password1,TOP,CN=UsersLab,TOP.com
Iker,Green,,PYN,KOR,IT,Password1,TOP,CN=UsersLab,TOP.com
Zoe,Howard,,AK,US,IT,Password1,TOP,CN=UsersLab,TOP.com
Jeremiah,Fuller,,AK,US,HR,Password1,TOP,CN=UsersLab,TOP.com
Oakley,Griffin,,AK,US,Marketing,Password1,TOP,CN=UsersLab,TOP.com
Ayden,Robinson,,AK,US,Training,Password1,TOP,CN=UsersLab,TOP.com
Nora,Stout,,AK,US,IT,Password1,TOP,CN=UsersLab,TOP.com
Callahan,Middleton,,AK,US,IT,Password1,TOP,CN=UsersLab,TOP.com
Madalyn,Sierra,,AK,US,HR,Password1,TOP,CN=UsersLab,TOP.com
Dayton,Larsen,,AK,US,Marketing,Password1,TOP,CN=UsersLab,TOP.com
Xiomara,Jennings,,AK,US,Training,Password1,TOP,CN=UsersLab,TOP.com
Corbin,Howell,,AK,US,IT,Password1,TOP,CN=UsersLab,TOP.com
Mckenna,Perez,,AK,US,IT,Password1,TOP,CN=UsersLab,TOP.com
Owen,Michael,,AK,US,HR,Password1,TOP,CN=UsersLab,TOP.com
Aubriella,Kent,,AK,US,Marketing,Password1,TOP,CN=UsersLab,TOP.com
Mekhi,Pham,,AK,US,Training,Password1,TOP,CN=UsersLab,TOP.com
Raelyn,Bruce,,AK,US,IT,Password1,TOP,CN=UsersLab,TOP.com
Uriah,Graham,,PYN,KOR,IT,Password1,TOP,CN=UsersLab,TOP.com
Alaia,Travis,,PYN,KOR,HR,Password1,TOP,CN=UsersLab,TOP.com
Willie,Roach,,PYN,KOR,Marketing,Password1,TOP,CN=UsersLab,TOP.com
Lyanna,Fuentes,,PYN,KOR,Training,Password1,TOP,CN=UsersLab,TOP.com
Bowen,Heath,,PYN,KOR,IT,Password1,TOP,CN=UsersLab,TOP.com
Amani,Murphy,,AK,US,IT,Password1,TOP,CN=UsersLab,TOP.com
Cameron,Santiago,,AK,US,HR,Password1,TOP,CN=UsersLab,TOP.com
Nyla,Hartman,,AK,US,Marketing,Password1,TOP,CN=UsersLab,TOP.com
Baker,Navarro,,AK,US,Training,Password1,TOP,CN=UsersLab,TOP.com
Winter,Rollins,,AK,US,IT,Password1,TOP,CN=UsersLab,TOP.com
Wes,Ramirez,,AK,US,IT,Password1,TOP,CN=UsersLab,TOP.com
Grace,Blackburn,,AK,US,HR,Password1,TOP,CN=UsersLab,TOP.com
Zahir,Arellano,,AK,US,Marketing,Password1,TOP,CN=UsersLab,TOP.com
Faye,Villegas,,AK,US,Training,Password1,TOP,CN=UsersLab,TOP.com
Clyde,Turner,,AK,US,IT,Password1,TOP,CN=UsersLab,TOP.com
Brooklyn,Lane,,AK,US,IT,Password1,TOP,CN=UsersLab,TOP.com
Matias,Guzman,,AK,US,HR,Password1,TOP,CN=UsersLab,TOP.com
Ashley,Solis,,AK,US,Marketing,Password1,TOP,CN=UsersLab,TOP.com
Ronin,Yates,,AK,US,Training,Password1,TOP,CN=UsersLab,TOP.com
Charley,Hughes,,AK,US,IT,Password1,TOP,CN=UsersLab,TOP.com
Everett,Higgins,,PYN,KOR,IT,Password1,TOP,CN=UsersLab,TOP.com
Leighton,Goodman,,PYN,KOR,HR,Password1,TOP,CN=UsersLab,TOP.com
Philip,Acevedo,,PYN,KOR,Marketing,Password1,TOP,CN=UsersLab,TOP.com
Ashlynn,Cardenas,,PYN,KOR,Training,Password1,TOP,CN=UsersLab,TOP.com
Johnathan,Boyd,,PYN,KOR,IT,Password1,TOP,CN=UsersLab,TOP.com
Georgia,Chen,,AK,US,IT,Password1,TOP,CN=UsersLab,TOP.com
Emmanuel,Chavez,,AK,US,HR,Password1,TOP,CN=UsersLab,TOP.com
Nevaeh,Castro,,AK,US,Marketing,Password1,TOP,CN=UsersLab,TOP.com
Jasper,Lucero,,AK,US,Training,Password1,TOP,CN=UsersLab,TOP.com
Ila,Hogan,,AK,US,IT,Password1,TOP,CN=UsersLab,TOP.com
Sonny,Tucker,,AK,US,IT,Password1,TOP,CN=UsersLab,TOP.com
Esther,Olsen,,AK,US,HR,Password1,TOP,CN=UsersLab,TOP.com
Skyler,Franco,,AK,US,Marketing,Password1,TOP,CN=UsersLab,TOP.com
Charleigh,McMahon,,AK,US,Training,Password1,TOP,CN=UsersLab,TOP.com
Jakob,Carpenter,,AK,US,IT,Password1,TOP,CN=UsersLab,TOP.com
Lilly,Harvey,,AK,US,IT,Password1,TOP,CN=UsersLab,TOP.com
Cayden,Santos,,AK,US,HR,Password1,TOP,CN=UsersLab,TOP.com
Alana,Farrell,,AK,US,Marketing,Password1,TOP,CN=UsersLab,TOP.com
Ty,Harvey,,AK,US,Training,Password1,TOP,CN=UsersLab,TOP.com
Nicole,Arnold,,AK,US,IT,Password1,TOP,CN=UsersLab,TOP.com
Abraham,Chang,,PYN,KOR,IT,Password1,TOP,CN=UsersLab,TOP.com
Ophelia,Hammond,,PYN,KOR,HR,Password1,TOP,CN=UsersLab,TOP.com
Francis,Yang,,PYN,KOR,Marketing,Password1,TOP,CN=UsersLab,TOP.com
Angelina,Dean,,PYN,KOR,Training,Password1,TOP,CN=UsersLab,TOP.com
Ronan,Sawyer,,PYN,KOR,IT,Password1,TOP,CN=UsersLab,TOP.com
Marina,Rasmussen,,AK,US,IT,Password1,TOP,CN=UsersLab,TOP.com
Will,Preston,,AK,US,HR,Password1,TOP,CN=UsersLab,TOP.com
Indie,Huff,,AK,US,Marketing,Password1,TOP,CN=UsersLab,TOP.com
Finnley,Ramirez,,AK,US,Training,Password1,TOP,CN=UsersLab,TOP.com
Grace,Marsh,,AK,US,IT,Password1,TOP,CN=UsersLab,TOP.com
Bo,Hester,,AK,US,IT,Password1,TOP,CN=UsersLab,TOP.com
Zendaya,Knight,,AK,US,HR,Password1,TOP,CN=UsersLab,TOP.com
Beckett,Vargas,,AK,US,Marketing,Password1,TOP,CN=UsersLab,TOP.com
Andrea,Page,,AK,US,Training,Password1,TOP,CN=UsersLab,TOP.com
Pablo,Schmidt,,AK,US,IT,Password1,TOP,CN=UsersLab,TOP.com
Kimberly,Zavala,,AK,US,IT,Password1,TOP,CN=UsersLab,TOP.com
Dillon,McCoy,,AK,US,HR,Password1,TOP,CN=UsersLab,TOP.com
Mckenzie,Williams,,AK,US,Marketing,Password1,TOP,CN=UsersLab,TOP.com
Oliver,Benton,,AK,US,Training,Password1,TOP,CN=UsersLab,TOP.com
Anais,Carlson,,AK,US,IT,Password1,TOP,CN=UsersLab,TOP.com
Paul,Lynn,,PYN,KOR,IT,Password1,TOP,CN=UsersLab,TOP.com
Samira,Norman,,PYN,KOR,HR,Password1,TOP,CN=UsersLab,TOP.com
Aziel,Briggs,,PYN,KOR,Marketing,Password1,TOP,CN=UsersLab,TOP.com
Alia,Gutierrez,,PYN,KOR,Training,Password1,TOP,CN=UsersLab,TOP.com
Luca,Hail,,PYN,KOR,IT,Password1,TOP,CN=UsersLab,TOP.com
Lainey,Howe,,AK,US,IT,Password1,TOP,CN=UsersLab,TOP.com
Alaric,Morton,,AK,US,HR,Password1,TOP,CN=UsersLab,TOP.com
Mallory,Baldwin,,AK,US,Marketing,Password1,TOP,CN=UsersLab,TOP.com
Jaiden,Trevino,,AK,US,Training,Password1,TOP,CN=UsersLab,TOP.com
Priscilla,Molina,,AK,US,IT,Password1,TOP,CN=UsersLab,TOP.com
Prince,Hess,,AK,US,IT,Password1,TOP,CN=UsersLab,TOP.com
Kaliyah,Hart,,AK,US,HR,Password1,TOP,CN=UsersLab,TOP.com
Joel,Lu,,AK,US,Marketing,Password1,TOP,CN=UsersLab,TOP.com
Emani,Lloyd,,AK,US,Training,Password1,TOP,CN=UsersLab,TOP.com
Zaire,Zavala,,AK,US,IT,Password1,TOP,CN=UsersLab,TOP.com
Liv,Parra,,AK,US,IT,Password1,TOP,CN=UsersLab,TOP.com
Davion,Robbins,,AK,US,HR,Password1,TOP,CN=UsersLab,TOP.com
Stevie,Goodwin,,AK,US,Marketing,Password1,TOP,CN=UsersLab,TOP.com
Kaison,Terry,,AK,US,Training,Password1,TOP,CN=UsersLab,TOP.com
Wren,Weeks,,AK,US,IT,Password1,TOP,CN=UsersLab,TOP.com
Anders,Bartlett,,PYN,KOR,IT,Password1,TOP,CN=UsersLab,TOP.com
Aubrielle,O’Neill,,PYN,KOR,HR,Password1,TOP,CN=UsersLab,TOP.com
Marcel,Richmond,,PYN,KOR,Marketing,Password1,TOP,CN=UsersLab,TOP.com
Whitney,Noble,,PYN,KOR,Training,Password1,TOP,CN=UsersLab,TOP.com
Idris,Cuevas,,PYN,KOR,IT,Password1,TOP,CN=UsersLab,TOP.com
Adele,Hull,,AK,US,IT,Password1,TOP,CN=UsersLab,TOP.com
Salem,Camacho,,AK,US,HR,Password1,TOP,CN=UsersLab,TOP.com
Armani,Stafford,,AK,US,Marketing,Password1,TOP,CN=UsersLab,TOP.com
Alfredo,Clayton,,AK,US,Training,Password1,TOP,CN=UsersLab,TOP.com
Saige,Barton,,AK,US,IT,Password1,TOP,CN=UsersLab,TOP.com
Cassius,Cobb,,AK,US,IT,Password1,TOP,CN=UsersLab,TOP.com
Aviana,Olson,,AK,US,HR,Password1,TOP,CN=UsersLab,TOP.com
Malachi,Patterson,,AK,US,Marketing,Password1,TOP,CN=UsersLab,TOP.com
Kaylee,Reed,,AK,US,Training,Password1,TOP,CN=UsersLab,TOP.com
Easton,Yu,,AK,US,IT,Password1,TOP,CN=UsersLab,TOP.com
Navy,Randall,,AK,US,IT,Password1,TOP,CN=UsersLab,TOP.com
Trenton,Walker,,AK,US,HR,Password1,TOP,CN=UsersLab,TOP.com
Hazel,Lewis,,AK,US,Marketing,Password1,TOP,CN=UsersLab,TOP.com
Wyatt,Morris,,AK,US,Training,Password1,TOP,CN=UsersLab,TOP.com
Genesis,Ponce,,AK,US,IT,Password1,TOP,CN=UsersLab,TOP.com
Langston,Ward,,PYN,KOR,IT,Password1,TOP,CN=UsersLab,TOP.com
Ariana,Green,,PYN,KOR,HR,Password1,TOP,CN=UsersLab,TOP.com
Anthony,Boyer,,PYN,KOR,Marketing,Password1,TOP,CN=UsersLab,TOP.com
Chaya,Wilkinson,,PYN,KOR,Training,Password1,TOP,CN=UsersLab,TOP.com
Leonard,O’Connor,,PYN,KOR,IT,Password1,TOP,CN=UsersLab,TOP.com
Charli,Bowers,,AK,US,IT,Password1,TOP,CN=UsersLab,TOP.com
Dorian,McCullough,,AK,US,HR,Password1,TOP,CN=UsersLab,TOP.com
Hana,Herring,,AK,US,Marketing,Password1,TOP,CN=UsersLab,TOP.com
Henrik,Hines,,AK,US,Training,Password1,TOP,CN=UsersLab,TOP.com
Poppy,Lam,,AK,US,IT,Password1,TOP,CN=UsersLab,TOP.com
Bodie,Garcia,,AK,US,IT,Password1,TOP,CN=UsersLab,TOP.com
Amelia,Reed,,AK,US,HR,Password1,TOP,CN=UsersLab,TOP.com
Easton,Chambers,,AK,US,Marketing,Password1,TOP,CN=UsersLab,TOP.com
Makayla,Case,,AK,US,Training,Password1,TOP,CN=UsersLab,TOP.com
Bentlee,O’brien,,AK,US,IT,Password1,TOP,CN=UsersLab,TOP.com
Joanna,Poole,,AK,US,IT,Password1,TOP,CN=UsersLab,TOP.com
Quincy,Garza,,AK,US,HR,Password1,TOP,CN=UsersLab,TOP.com
River,Silva,,AK,US,Marketing,Password1,TOP,CN=UsersLab,TOP.com
Luka,Novak,,AK,US,Training,Password1,TOP,CN=UsersLab,TOP.com
Kaiya,Bean,,AK,US,IT,Password1,TOP,CN=UsersLab,TOP.com
Mccoy,McClain,,PYN,KOR,IT,Password1,TOP,CN=UsersLab,TOP.com
Marleigh,Truong,,PYN,KOR,HR,Password1,TOP,CN=UsersLab,TOP.com
Ayan,Solis,,PYN,KOR,Marketing,Password1,TOP,CN=UsersLab,TOP.com
Miracle,Browning,,PYN,KOR,Training,Password1,TOP,CN=UsersLab,TOP.com
Rohan,Larson,,PYN,KOR,IT,Password1,TOP,CN=UsersLab,TOP.com
Alayna,Chen,,AK,US,IT,Password1,TOP,CN=UsersLab,TOP.com
Emmanuel,Robinson,,AK,US,HR,Password1,TOP,CN=UsersLab,TOP.com
Nora,Skinner,,AK,US,Marketing,Password1,TOP,CN=UsersLab,TOP.com
Ridge,Delarosa,,AK,US,Training,Password1,TOP,CN=UsersLab,TOP.com
Iyla,Tang,,AK,US,IT,Password1,TOP,CN=UsersLab,TOP.com
Rogelio,Cherry,,AK,US,IT,Password1,TOP,CN=UsersLab,TOP.com
Nyomi,McConnell,,AK,US,HR,Password1,TOP,CN=UsersLab,TOP.com
London,Correa,,AK,US,Marketing,Password1,TOP,CN=UsersLab,TOP.com
Valery,Hess,,AK,US,Training,Password1,TOP,CN=UsersLab,TOP.com
Lawrence,Walsh,,AK,US,IT,Password1,TOP,CN=UsersLab,TOP.com
Leia,Wolfe,,AK,US,IT,Password1,TOP,CN=UsersLab,TOP.com
Donovan,Powers,,AK,US,HR,Password1,TOP,CN=UsersLab,TOP.com
Michelle,Kemp,,AK,US,Marketing,Password1,TOP,CN=UsersLab,TOP.com
Melvin,Ray,,AK,US,Training,Password1,TOP,CN=UsersLab,TOP.com
Ruth,Rodriguez,,AK,US,IT,Password1,TOP,CN=UsersLab,TOP.com
Henry,Nixon,,PYN,KOR,IT,Password1,TOP,CN=UsersLab,TOP.com
Deborah,Stokes,,PYN,KOR,HR,Password1,TOP,CN=UsersLab,TOP.com
Santana,Strickland,,PYN,KOR,Marketing,Password1,TOP,CN=UsersLab,TOP.com
Nia,Acosta,,PYN,KOR,Training,Password1,TOP,CN=UsersLab,TOP.com
Jensen,Monroe,,PYN,KOR,IT,Password1,TOP,CN=UsersLab,TOP.com
Carly,Malone,,AK,US,IT,Password1,TOP,CN=UsersLab,TOP.com
Ruben,McCann,,AK,US,HR,Password1,TOP,CN=UsersLab,TOP.com
Joyce,Collins,,AK,US,Marketing,Password1,TOP,CN=UsersLab,TOP.com
Miles,Rangel,,AK,US,Training,Password1,TOP,CN=UsersLab,TOP.com
Gloria,Griffith,,AK,US,IT,Password1,TOP,CN=UsersLab,TOP.com
Franklin,Francis,,AK,US,IT,Password1,TOP,CN=UsersLab,TOP.com
Daniella,Murray,,AK,US,HR,Password1,TOP,CN=UsersLab,TOP.com
Ashton,Conner,,AK,US,Marketing,Password1,TOP,CN=UsersLab,TOP.com
Alondra,Cruz,,AK,US,Training,Password1,TOP,CN=UsersLab,TOP.com
Ryan,Villegas,,AK,US,IT,Password1,TOP,CN=UsersLab,TOP.com
Jessie,Vaughan,,AK,US,IT,Password1,TOP,CN=UsersLab,TOP.com
Castiel,Jones,,AK,US,HR,Password1,TOP,CN=UsersLab,TOP.com
Sophia,Travis,,AK,US,Marketing,Password1,TOP,CN=UsersLab,TOP.com
Willie,Brennan,,AK,US,Training,Password1,TOP,CN=UsersLab,TOP.com
Elodie,Barber,,AK,US,IT,Password1,TOP,CN=UsersLab,TOP.com
Solomon,Huffman,,PYN,KOR,IT,Password1,TOP,CN=UsersLab,TOP.com
Hayley,Pruitt,,PYN,KOR,HR,Password1,TOP,CN=UsersLab,TOP.com
Gatlin,Decker,,PYN,KOR,Marketing,Password1,TOP,CN=UsersLab,TOP.com
Aleena,Berg,,PYN,KOR,Training,Password1,TOP,CN=UsersLab,TOP.com
Cayson,Brooks,,PYN,KOR,IT,Password1,TOP,CN=UsersLab,TOP.com
Autumn,Willis,,AK,US,IT,Password1,TOP,CN=UsersLab,TOP.com
Remington,Schroeder,,AK,US,HR,Password1,TOP,CN=UsersLab,TOP.com
Cameron,Stout,,AK,US,Marketing,Password1,TOP,CN=UsersLab,TOP.com
Callahan,Wilkinson,,AK,US,Training,Password1,TOP,CN=UsersLab,TOP.com
Siena,Chavez,,AK,US,IT,Password1,TOP,CN=UsersLab,TOP.com
Ian,York,,AK,US,IT,Password1,TOP,CN=UsersLab,TOP.com
Milan,Wolf,,AK,US,HR,Password1,TOP,CN=UsersLab,TOP.com
Jase,Watson,,AK,US,Marketing,Password1,TOP,CN=UsersLab,TOP.com
Hailey,McIntosh,,AK,US,Training,Password1,TOP,CN=UsersLab,TOP.com
Kristian,Hubbard,,AK,US,IT,Password1,TOP,CN=UsersLab,TOP.com
Rosie,Flores,,AK,US,IT,Password1,TOP,CN=UsersLab,TOP.com
Lincoln,Perkins,,AK,US,HR,Password1,TOP,CN=UsersLab,TOP.com
Sage,Blake,,AK,US,Marketing,Password1,TOP,CN=UsersLab,TOP.com
Zyaire,Wood,,AK,US,Training,Password1,TOP,CN=UsersLab,TOP.com
Natalia,Love,,AK,US,IT,Password1,TOP,CN=UsersLab,TOP.com
Jeffrey,Rose,,PYN,KOR,IT,Password1,TOP,CN=UsersLab,TOP.com
Magnolia,Green,,PYN,KOR,HR,Password1,TOP,CN=UsersLab,TOP.com
Anthony,Adkins,,PYN,KOR,Marketing,Password1,TOP,CN=UsersLab,TOP.com
Emelia,Knox,,PYN,KOR,Training,Password1,TOP,CN=UsersLab,TOP.com
Valentin,Goodman,,PYN,KOR,IT,Password1,TOP,CN=UsersLab,TOP.com
Carolina,Francis,,AK,US,IT,Password1,TOP,CN=UsersLab,TOP.com
Harvey,Perkins,,AK,US,HR,Password1,TOP,CN=UsersLab,TOP.com
Sage,Herrera,,AK,US,Marketing,Password1,TOP,CN=UsersLab,TOP.com
River,Booth,,AK,US,Training,Password1,TOP,CN=UsersLab,TOP.com
Zariyah,Rubio,,AK,US,IT,Password1,TOP,CN=UsersLab,TOP.com
Titan,Gallegos,,AK,US,IT,Password1,TOP,CN=UsersLab,TOP.com
Ari,Sutton,,AK,US,HR,Password1,TOP,CN=UsersLab,TOP.com
Warren,Tang,,AK,US,Marketing,Password1,TOP,CN=UsersLab,TOP.com
Belle,Cannon,,AK,US,Training,Password1,TOP,CN=UsersLab,TOP.com
Archie,McIntosh,,AK,US,IT,Password1,TOP,CN=UsersLab,TOP.com
Gwen,Bridges,,AK,US,IT,Password1,TOP,CN=UsersLab,TOP.com
Mohammed,Ray,,AK,US,HR,Password1,TOP,CN=UsersLab,TOP.com
Ruth,Harris,,AK,US,Marketing,Password1,TOP,CN=UsersLab,TOP.com
Samuel,Neal,,AK,US,Training,Password1,TOP,CN=UsersLab,TOP.com
Talia,Waters,,AK,US,IT,Password1,TOP,CN=UsersLab,TOP.com
Maximilian,Monroe,,PYN,KOR,IT,Password1,TOP,CN=UsersLab,TOP.com
Carly,Branch,,PYN,KOR,HR,Password1,TOP,CN=UsersLab,TOP.com
Keenan,Newman,,PYN,KOR,Marketing,Password1,TOP,CN=UsersLab,TOP.com
Oaklynn,Madden,,PYN,KOR,Training,Password1,TOP,CN=UsersLab,TOP.com
Everest,Whitaker,,PYN,KOR,IT,Password1,TOP,CN=UsersLab,TOP.com
Ivanna,Zavala,,AK,US,IT,Password1,TOP,CN=UsersLab,TOP.com
Dillon,Vang,,AK,US,HR,Password1,TOP,CN=UsersLab,TOP.com
Madisyn,Kerr,,AK,US,Marketing,Password1,TOP,CN=UsersLab,TOP.com
Louie,Nava,,AK,US,Training,Password1,TOP,CN=UsersLab,TOP.com
Scout,Ventura,,AK,US,IT,Password1,TOP,CN=UsersLab,TOP.com
Branson,Perry,,AK,US,IT,Password1,TOP,CN=UsersLab,TOP.com
Clara,Reynolds,,AK,US,HR,Password1,TOP,CN=UsersLab,TOP.com
Vincent,Trujillo,,AK,US,Marketing,Password1,TOP,CN=UsersLab,TOP.com
Danielle,Horton,,AK,US,Training,Password1,TOP,CN=UsersLab,TOP.com
Garrett,Cobb,,AK,US,IT,Password1,TOP,CN=UsersLab,TOP.com
Aviana,White,,AK,US,IT,Password1,TOP,CN=UsersLab,TOP.com
Aiden,Simpson,,AK,US,HR,Password1,TOP,CN=UsersLab,TOP.com
Anastasia,Underwood,,AK,US,Marketing,Password1,TOP,CN=UsersLab,TOP.com
Reece,Medrano,,AK,US,Training,Password1,TOP,CN=UsersLab,TOP.com
Halle,Quintana,,AK,US,IT,Password1,TOP,CN=UsersLab,TOP.com
Kelvin,Quinn,,PYN,KOR,IT,Password1,TOP,CN=UsersLab,TOP.com
Heaven,Rogers,,PYN,KOR,HR,Password1,TOP,CN=UsersLab,TOP.com
Colton,Blackwell,,PYN,KOR,Marketing,Password1,TOP,CN=UsersLab,TOP.com
Saoirse,Russell,,PYN,KOR,Training,Password1,TOP,CN=UsersLab,TOP.com
Weston,Rivas,,PYN,KOR,IT,Password1,TOP,CN=UsersLab,TOP.com
Averie,Pearson,,AK,US,IT,Password1,TOP,CN=UsersLab,TOP.com
Gunner,Schmidt,,AK,US,HR,Password1,TOP,CN=UsersLab,TOP.com
Kimberly,Warner,,AK,US,Marketing,Password1,TOP,CN=UsersLab,TOP.com
Jaxton,Ellison,,AK,US,Training,Password1,TOP,CN=UsersLab,TOP.com
Raina,Gonzales,,AK,US,IT,Password1,TOP,CN=UsersLab,TOP.com
Brayden,Guerra,,AK,US,IT,Password1,TOP,CN=UsersLab,TOP.com
Edith,McClure,,AK,US,HR,Password1,TOP,CN=UsersLab,TOP.com
Reese,Ballard,,AK,US,Marketing,Password1,TOP,CN=UsersLab,TOP.com
Alejandra,Holland,,AK,US,Training,Password1,TOP,CN=UsersLab,TOP.com
Brady,Hartman,,AK,US,IT,Password1,TOP,CN=UsersLab,TOP.com
Kennedi,Gilbert,,AK,US,IT,Password1,TOP,CN=UsersLab,TOP.com
Tobias,Jackson,,AK,US,HR,Password1,TOP,CN=UsersLab,TOP.com
Avery,Hall,,AK,US,Marketing,Password1,TOP,CN=UsersLab,TOP.com
Thomas,Reid,,AK,US,Training,Password1,TOP,CN=UsersLab,TOP.com
Charlee,Herring,,AK,US,IT,Password1,TOP,CN=UsersLab,TOP.com
Henrik,Lester,,PYN,KOR,IT,Password1,TOP,CN=UsersLab,TOP.com
Averi,Curry,,PYN,KOR,HR,Password1,TOP,CN=UsersLab,TOP.com
Briggs,Lynch,,PYN,KOR,Marketing,Password1,TOP,CN=UsersLab,TOP.com
Malia,Nguyen,,PYN,KOR,Training,Password1,TOP,CN=UsersLab,TOP.com
Gabriel,Rose,,PYN,KOR,IT,Password1,TOP,CN=UsersLab,TOP.com
Magnolia,Cochran,,AK,US,IT,Password1,TOP,CN=UsersLab,TOP.com
Danny,McCormick,,AK,US,HR,Password1,TOP,CN=UsersLab,TOP.com
Macie,Franklin,,AK,US,Marketing,Password1,TOP,CN=UsersLab,TOP.com
Simon,Booker,,AK,US,Training,Password1,TOP,CN=UsersLab,TOP.com
Nataly,Strickland,,AK,US,IT,Password1,TOP,CN=UsersLab,TOP.com
Keegan,Patel,,AK,US,IT,Password1,TOP,CN=UsersLab,TOP.com
Madeline,Shaffer,,AK,US,HR,Password1,TOP,CN=UsersLab,TOP.com
Dexter,Cherry,,AK,US,Marketing,Password1,TOP,CN=UsersLab,TOP.com
Nyomi,Horton,,AK,US,Training,Password1,TOP,CN=UsersLab,TOP.com
Garrett,Branch,,AK,US,IT,Password1,TOP,CN=UsersLab,TOP.com
Luisa,Hawkins,,AK,US,IT,Password1,TOP,CN=UsersLab,TOP.com
Victor,Melton,,AK,US,HR,Password1,TOP,CN=UsersLab,TOP.com
Kamiyah,Bond,,AK,US,Marketing,Password1,TOP,CN=UsersLab,TOP.com
Roger,McGee,,AK,US,Training,Password1,TOP,CN=UsersLab,TOP.com
Kayleigh,Robles,,AK,US,IT,Password1,TOP,CN=UsersLab,TOP.com
Otto,Truong,,PYN,KOR,IT,Password1,TOP,CN=UsersLab,TOP.com
Judith,Lloyd,,PYN,KOR,HR,Password1,TOP,CN=UsersLab,TOP.com
Zaire,Barron,,PYN,KOR,Marketing,Password1,TOP,CN=UsersLab,TOP.com
Anya,Pratt,,PYN,KOR,Training,Password1,TOP,CN=UsersLab,TOP.com
Rowen,Jefferson,,PYN,KOR,IT,Password1,TOP,CN=UsersLab,TOP.com
Julieta,Brandt,,AK,US,IT,Password1,TOP,CN=UsersLab,TOP.com
Damir,Le,,AK,US,HR,Password1,TOP,CN=UsersLab,TOP.com
Myla,Kelley,,AK,US,Marketing,Password1,TOP,CN=UsersLab,TOP.com
Eric,Allen,,AK,US,Training,Password1,TOP,CN=UsersLab,TOP.com
Riley,Anderson,,AK,US,IT,Password1,TOP,CN=UsersLab,TOP.com
Jacob,Singh,,AK,US,IT,Password1,TOP,CN=UsersLab,TOP.com
Vivienne,Monroe,,AK,US,HR,Password1,TOP,CN=UsersLab,TOP.com
Colby,Meadows,,AK,US,Marketing,Password1,TOP,CN=UsersLab,TOP.com
Pearl,Perez,,AK,US,Training,Password1,TOP,CN=UsersLab,TOP.com
Owen,Fowler,,AK,US,IT,Password1,TOP,CN=UsersLab,TOP.com
Lennon,Simpson,,AK,US,IT,Password1,TOP,CN=UsersLab,TOP.com
Elliott,Nichols,,AK,US,HR,Password1,TOP,CN=UsersLab,TOP.com
Aliyah,Stevenson,,AK,US,Marketing,Password1,TOP,CN=UsersLab,TOP.com
Callan,Juarez,,AK,US,Training,Password1,TOP,CN=UsersLab,TOP.com
Juliet,Frederick,,AK,US,IT,Password1,TOP,CN=UsersLab,TOP.com
Kase,Jenkins,,PYN,KOR,IT,Password1,TOP,CN=UsersLab,TOP.com
Rylee,Vu,,PYN,KOR,HR,Password1,TOP,CN=UsersLab,TOP.com
Kamdyn,Roth,,PYN,KOR,Marketing,Password1,TOP,CN=UsersLab,TOP.com
Elliot,Bowen,,PYN,KOR,Training,Password1,TOP,CN=UsersLab,TOP.com
Trevor,Delgado,,PYN,KOR,IT,Password1,TOP,CN=UsersLab,TOP.com
Alani,Richmond,,AK,US,IT,Password1,TOP,CN=UsersLab,TOP.com
Mordechai,Dickerson,,AK,US,HR,Password1,TOP,CN=UsersLab,TOP.com
Opal,Meyers,,AK,US,Marketing,Password1,TOP,CN=UsersLab,TOP.com
Julien,Manning,,AK,US,Training,Password1,TOP,CN=UsersLab,TOP.com
Jennifer,Bartlett,,AK,US,IT,Password1,TOP,CN=UsersLab,TOP.com
Kace,Sanchez,,AK,US,IT,Password1,TOP,CN=UsersLab,TOP.com
Aria,Cain,,AK,US,HR,Password1,TOP,CN=UsersLab,TOP.com
Benson,Villa,,AK,US,Marketing,Password1,TOP,CN=UsersLab,TOP.com
Johanna,Dougherty,,AK,US,Training,Password1,TOP,CN=UsersLab,TOP.com
Brett,Rogers,,AK,US,IT,Password1,TOP,CN=UsersLab,TOP.com
Madelyn,Brady,,AK,US,IT,Password1,TOP,CN=UsersLab,TOP.com
Reed,Davenport,,AK,US,HR,Password1,TOP,CN=UsersLab,TOP.com
Adrianna,Donovan,,AK,US,Marketing,Password1,TOP,CN=UsersLab,TOP.com
Brayan,Glass,,AK,US,Training,Password1,TOP,CN=UsersLab,TOP.com
Clare,Stevenson,,AK,US,IT,Password1,TOP,CN=UsersLab,TOP.com
Callan,Reyna,,PYN,KOR,IT,Password1,TOP,CN=UsersLab,TOP.com
Luella,Bernal,,PYN,KOR,HR,Password1,TOP,CN=UsersLab,TOP.com
Eithan,Peck,,PYN,KOR,Marketing,Password1,TOP,CN=UsersLab,TOP.com
Crystal,Rollins,,PYN,KOR,Training,Password1,TOP,CN=UsersLab,TOP.com
Wes,Velazquez,,PYN,KOR,IT,Password1,TOP,CN=UsersLab,TOP.com
Jaliyah,Jarvis,,AK,US,IT,Password1,TOP,CN=UsersLab,TOP.com
Marlon,Reyes,,AK,US,HR,Password1,TOP,CN=UsersLab,TOP.com
Audrey,Curtis,,AK,US,Marketing,Password1,TOP,CN=UsersLab,TOP.com
Muhammad,Gould,,AK,US,Training,Password1,TOP,CN=UsersLab,TOP.com
Violeta,Moon,,AK,US,IT,Password1,TOP,CN=UsersLab,TOP.com
Nova,Brock,,AK,US,IT,Password1,TOP,CN=UsersLab,TOP.com
Jada,Quinn,,AK,US,HR,Password1,TOP,CN=UsersLab,TOP.com
Rhys,Cabrera,,AK,US,Marketing,Password1,TOP,CN=UsersLab,TOP.com
Daleyza,Chapman,,AK,US,Training,Password1,TOP,CN=UsersLab,TOP.com
Knox,Daniels,,AK,US,IT,Password1,TOP,CN=UsersLab,TOP.com
Ember,Gregory,,AK,US,IT,Password1,TOP,CN=UsersLab,TOP.com
Travis,Luna,,AK,US,HR,Password1,TOP,CN=UsersLab,TOP.com
Journey,Hess,,AK,US,Marketing,Password1,TOP,CN=UsersLab,TOP.com
Lawrence,Clayton,,AK,US,Training,Password1,TOP,CN=UsersLab,TOP.com
Saige,Mercado,,AK,US,IT,Password1,TOP,CN=UsersLab,TOP.com
Abram,Espinosa,,PYN,KOR,IT,Password1,TOP,CN=UsersLab,TOP.com
Braylee,Sosa,,PYN,KOR,HR,Password1,TOP,CN=UsersLab,TOP.com
Emir,Frazier,,PYN,KOR,Marketing,Password1,TOP,CN=UsersLab,TOP.com
Octavia,Rollins,,PYN,KOR,Training,Password1,TOP,CN=UsersLab,TOP.com
Wes,Silva,,PYN,KOR,IT,Password1,TOP,CN=UsersLab,TOP.com
Lucia,Gibson,,AK,US,IT,Password1,TOP,CN=UsersLab,TOP.com
Tyler,Correa,,AK,US,HR,Password1,TOP,CN=UsersLab,TOP.com
Valery,Crane,,AK,US,Marketing,Password1,TOP,CN=UsersLab,TOP.com
Fox,Boyd,,AK,US,Training,Password1,TOP,CN=UsersLab,TOP.com
Georgia,Harrison,,AK,US,IT,Password1,TOP,CN=UsersLab,TOP.com
Gavin,Browning,,AK,US,IT,Password1,TOP,CN=UsersLab,TOP.com
Princess,Simon,,AK,US,HR,Password1,TOP,CN=UsersLab,TOP.com
Zayne,Moss,,AK,US,Marketing,Password1,TOP,CN=UsersLab,TOP.com
Bianca,Austin,,AK,US,Training,Password1,TOP,CN=UsersLab,TOP.com
Omar,Pope,,AK,US,IT,Password1,TOP,CN=UsersLab,TOP.com
Aurelia,Trejo,,AK,US,IT,Password1,TOP,CN=UsersLab,TOP.com
Wesson,Daugherty,,AK,US,HR,Password1,TOP,CN=UsersLab,TOP.com
Magdalena,Barton,,AK,US,Marketing,Password1,TOP,CN=UsersLab,TOP.com
Cassius,Ingram,,AK,US,Training,Password1,TOP,CN=UsersLab,TOP.com
Katie,Herman,,AK,US,IT,Password1,TOP,CN=UsersLab,TOP.com
Juelz,Pineda,,PYN,KOR,IT,Password1,TOP,CN=UsersLab,TOP.com
Nola,Gray,,PYN,KOR,HR,Password1,TOP,CN=UsersLab,TOP.com
Nicholas,Kline,,PYN,KOR,Marketing,Password1,TOP,CN=UsersLab,TOP.com
Sevyn,Kelley,,PYN,KOR,Training,Password1,TOP,CN=UsersLab,TOP.com
Eric,Christian,,PYN,KOR,IT,Password1,TOP,CN=UsersLab,TOP.com
Anahi,Garcia,,AK,US,IT,Password1,TOP,CN=UsersLab,TOP.com
James,Alfaro,,AK,US,HR,Password1,TOP,CN=UsersLab,TOP.com
Yasmin,Arellano,,AK,US,Marketing,Password1,TOP,CN=UsersLab,TOP.com
Kellan,O’brien,,AK,US,Training,Password1,TOP,CN=UsersLab,TOP.com
Joanna,Leonard,,AK,US,IT,Password1,TOP,CN=UsersLab,TOP.com
Ricardo,Henry,,AK,US,IT,Password1,TOP,CN=UsersLab,TOP.com
Summer,McKinney,,AK,US,HR,Password1,TOP,CN=UsersLab,TOP.com
Romeo,Cardenas,,AK,US,Marketing,Password1,TOP,CN=UsersLab,TOP.com
Raven,Martinez,,AK,US,Training,Password1,TOP,CN=UsersLab,TOP.com
Alexander,Pierce,,AK,US,IT,Password1,TOP,CN=UsersLab,TOP.com
Arabella,Moss,,AK,US,IT,Password1,TOP,CN=UsersLab,TOP.com
Porter,Burch,,AK,US,HR,Password1,TOP,CN=UsersLab,TOP.com
Freyja,Rice,,AK,US,Marketing,Password1,TOP,CN=UsersLab,TOP.com
Graham,Lane,,AK,US,Training,Password1,TOP,CN=UsersLab,TOP.com
Amy,Nava,,AK,US,IT,Password1,TOP,CN=UsersLab,TOP.com
Stefan,Hamilton,,PYN,KOR,IT,Password1,TOP,CN=UsersLab,TOP.com
Mackenzie,French,,PYN,KOR,HR,Password1,TOP,CN=UsersLab,TOP.com
Corey,Cherry,,PYN,KOR,Marketing,Password1,TOP,CN=UsersLab,TOP.com
Nyomi,Ho,,PYN,KOR,Training,Password1,TOP,CN=UsersLab,TOP.com
Morgan,Choi,,PYN,KOR,IT,Password1,TOP,CN=UsersLab,TOP.com
Karla,Kline,,AK,US,IT,Password1,TOP,CN=UsersLab,TOP.com
Ramon,Kerr,,AK,US,HR,Password1,TOP,CN=UsersLab,TOP.com
Baylee,Maddox,,AK,US,Marketing,Password1,TOP,CN=UsersLab,TOP.com
Lyric,Curry,,AK,US,Training,Password1,TOP,CN=UsersLab,TOP.com
Alison,Frank,,AK,US,IT,Password1,TOP,CN=UsersLab,TOP.com
Braylen,Elliott,,AK,US,IT,Password1,TOP,CN=UsersLab,TOP.com
Noelle,Bennett,,AK,US,HR,Password1,TOP,CN=UsersLab,TOP.com
Leonardo,Sparks,,AK,US,Marketing,Password1,TOP,CN=UsersLab,TOP.com
Aisha,Houston,,AK,US,Training,Password1,TOP,CN=UsersLab,TOP.com
Sylas,Clay,,AK,US,IT,Password1,TOP,CN=UsersLab,TOP.com
Aliana,Norton,,AK,US,IT,Password1,TOP,CN=UsersLab,TOP.com
Callen,Singleton,,AK,US,HR,Password1,TOP,CN=UsersLab,TOP.com
Malaysia,Arnold,,AK,US,Marketing,Password1,TOP,CN=UsersLab,TOP.com
Abraham,Hogan,,AK,US,Training,Password1,TOP,CN=UsersLab,TOP.com
Kathryn,Raymond,,AK,US,IT,Password1,TOP,CN=UsersLab,TOP.com
Maurice,Boone,,PYN,KOR,IT,Password1,TOP,CN=UsersLab,TOP.com
Mariam,Cordova,,PYN,KOR,HR,Password1,TOP,CN=UsersLab,TOP.com
Vicente,Morton,,PYN,KOR,Marketing,Password1,TOP,CN=UsersLab,TOP.com
Mallory,Hogan,,PYN,KOR,Training,Password1,TOP,CN=UsersLab,TOP.com
Sonny,Roberson,,PYN,KOR,IT,Password1,TOP,CN=UsersLab,TOP.com
Sasha,Boone,,AK,US,IT,Password1,TOP,CN=UsersLab,TOP.com
Mauricio,Floyd,,AK,US,HR,Password1,TOP,CN=UsersLab,TOP.com
Yaretzi,Thomas,,AK,US,Marketing,Password1,TOP,CN=UsersLab,TOP.com
Logan,Hardy,,AK,US,Training,Password1,TOP,CN=UsersLab,TOP.com
Jessica,Murphy,,AK,US,IT,Password1,TOP,CN=UsersLab,TOP.com
Cameron,Ray,,AK,US,IT,Password1,TOP,CN=UsersLab,TOP.com
Ruth,Lindsey,,AK,US,HR,Password1,TOP,CN=UsersLab,TOP.com
Jayson,Harrell,,AK,US,Marketing,Password1,TOP,CN=UsersLab,TOP.com
Kara,Garrett,,AK,US,Training,Password1,TOP,CN=UsersLab,TOP.com
Kairo,Estes,,AK,US,IT,Password1,TOP,CN=UsersLab,TOP.com
Brittany,Underwood,,AK,US,IT,Password1,TOP,CN=UsersLab,TOP.com
Reece,O’Connell,,AK,US,HR,Password1,TOP,CN=UsersLab,TOP.com
Jillian,Francis,,AK,US,Marketing,Password1,TOP,CN=UsersLab,TOP.com
Harvey,Correa,,AK,US,Training,Password1,TOP,CN=UsersLab,TOP.com
Valery,Knapp,,AK,US,IT,Password1,TOP,CN=UsersLab,TOP.com
Boden,Castillo,,PYN,KOR,IT,Password1,TOP,CN=UsersLab,TOP.com
Eva,Black,,PYN,KOR,HR,Password1,TOP,CN=UsersLab,TOP.com
Matteo,Hicks,,PYN,KOR,Marketing,Password1,TOP,CN=UsersLab,TOP.com
Alina,Long,,PYN,KOR,Training,Password1,TOP,CN=UsersLab,TOP.com
Jace,Ahmed,,PYN,KOR,IT,Password1,TOP,CN=UsersLab,TOP.com
Jolie,Rosales,,AK,US,IT,Password1,TOP,CN=UsersLab,TOP.com
Wilder,Holmes,,AK,US,HR,Password1,TOP,CN=UsersLab,TOP.com
Bailey,Huynh,,AK,US,Marketing,Password1,TOP,CN=UsersLab,TOP.com
Layton,Griffith,,AK,US,Training,Password1,TOP,CN=UsersLab,TOP.com
Alicia,Clay,,AK,US,IT,Password1,TOP,CN=UsersLab,TOP.com
Yosef,Moreno,,AK,US,IT,Password1,TOP,CN=UsersLab,TOP.com
Mary,Stevenson,,AK,US,HR,Password1,TOP,CN=UsersLab,TOP.com
Callan,Arellano,,AK,US,Marketing,Password1,TOP,CN=UsersLab,TOP.com
Faye,Rasmussen,,AK,US,Training,Password1,TOP,CN=UsersLab,TOP.com
Will,Tanner,,AK,US,IT,Password1,TOP,CN=UsersLab,TOP.com
Harmoni,Randolph,,AK,US,IT,Password1,TOP,CN=UsersLab,TOP.com
Eugene,Williamson,,AK,US,HR,Password1,TOP,CN=UsersLab,TOP.com
Catherine,Willis,,AK,US,Marketing,Password1,TOP,CN=UsersLab,TOP.com
Remington,Gregory,,AK,US,Training,Password1,TOP,CN=UsersLab,TOP.com
Alaya,Tucker,,AK,US,IT,Password1,TOP,CN=UsersLab,TOP.com
Ivan,Bentley,,PYN,KOR,IT,Password1,TOP,CN=UsersLab,TOP.com
Jaylin,Davenport,,PYN,KOR,HR,Password1,TOP,CN=UsersLab,TOP.com
Dariel,Brennan,,PYN,KOR,Marketing,Password1,TOP,CN=UsersLab,TOP.com
Elodie,Winters,,PYN,KOR,Training,Password1,TOP,CN=UsersLab,TOP.com
Deandre,Stanton,,PYN,KOR,IT,Password1,TOP,CN=UsersLab,TOP.com
Jaycee,Curtis,,AK,US,IT,Password1,TOP,CN=UsersLab,TOP.com
Muhammad,Weber,,AK,US,HR,Password1,TOP,CN=UsersLab,TOP.com
Alayah,Duke,,AK,US,Marketing,Password1,TOP,CN=UsersLab,TOP.com
Kalel,Evans,,AK,US,Training,Password1,TOP,CN=UsersLab,TOP.com
Eliana,Klein,,AK,US,IT,Password1,TOP,CN=UsersLab,TOP.com
Marco,Jacobs,,AK,US,IT,Password1,TOP,CN=UsersLab,TOP.com
Camilla,Cantrell,,AK,US,HR,Password1,TOP,CN=UsersLab,TOP.com
Harris,Khan,,AK,US,Marketing,Password1,TOP,CN=UsersLab,TOP.com
Mabel,Frost,,AK,US,Training,Password1,TOP,CN=UsersLab,TOP.com
Dario,Heath,,AK,US,IT,Password1,TOP,CN=UsersLab,TOP.com
Amani,Francis,,AK,US,IT,Password1,TOP,CN=UsersLab,TOP.com
Harvey,Baker,,AK,US,HR,Password1,TOP,CN=UsersLab,TOP.com
Isla,Freeman,,AK,US,Marketing,Password1,TOP,CN=UsersLab,TOP.com
Jayce,Gilbert,,AK,US,Training,Password1,TOP,CN=UsersLab,TOP.com
Jocelyn,Powell,,AK,US,IT,Password1,TOP,CN=UsersLab,TOP.com
Bennett,Gonzalez,,PYN,KOR,IT,Password1,TOP,CN=UsersLab,TOP.com
Abigail,Escobar,,PYN,KOR,HR,Password1,TOP,CN=UsersLab,TOP.com
Zachariah,Green,,PYN,KOR,Marketing,Password1,TOP,CN=UsersLab,TOP.com
Zoe,Brock,,PYN,KOR,Training,Password1,TOP,CN=UsersLab,TOP.com
Julio,Davenport,,PYN,KOR,IT,Password1,TOP,CN=UsersLab,TOP.com
Adrianna,Tran,,AK,US,IT,Password1,TOP,CN=UsersLab,TOP.com
Braxton,Higgins,,AK,US,HR,Password1,TOP,CN=UsersLab,TOP.com
Leighton,Fitzpatrick,,AK,US,Marketing,Password1,TOP,CN=UsersLab,TOP.com
Blaze,Jensen,,AK,US,Training,Password1,TOP,CN=UsersLab,TOP.com
Jane,Lawrence,,AK,US,IT,Password1,TOP,CN=UsersLab,TOP.com
Kaleb,Jackson,,AK,US,IT,Password1,TOP,CN=UsersLab,TOP.com
Avery,Martin,,AK,US,HR,Password1,TOP,CN=UsersLab,TOP.com
Mateo,Gilmore,,AK,US,Marketing,Password1,TOP,CN=UsersLab,TOP.com
Chanel,Joseph,,AK,US,Training,Password1,TOP,CN=UsersLab,TOP.com
Kyle,Pratt,,AK,US,IT,Password1,TOP,CN=UsersLab,TOP.com
Ailani,Garner,,AK,US,IT,Password1,TOP,CN=UsersLab,TOP.com
Sage,Bennett,,AK,US,HR,Password1,TOP,CN=UsersLab,TOP.com
Josephine,Nguyen,,AK,US,Marketing,Password1,TOP,CN=UsersLab,TOP.com
Gabriel,Wise,,AK,US,Training,Password1,TOP,CN=UsersLab,TOP.com
Mira,Walters,,AK,US,IT,Password1,TOP,CN=UsersLab,TOP.com
Colson,Hines,,PYN,KOR,IT,Password1,TOP,CN=UsersLab,TOP.com
Poppy,Rich,,PYN,KOR,HR,Password1,TOP,CN=UsersLab,TOP.com
Miller,Hobbs,,PYN,KOR,Marketing,Password1,TOP,CN=UsersLab,TOP.com
Lacey,Carr,,PYN,KOR,Training,Password1,TOP,CN=UsersLab,TOP.com
Kash,Schmidt,,PYN,KOR,IT,Password1,TOP,CN=UsersLab,TOP.com
Kimberly,Curtis,,AK,US,IT,Password1,TOP,CN=UsersLab,TOP.com
Muhammad,Cohen,,AK,US,HR,Password1,TOP,CN=UsersLab,TOP.com
Destiny,Wong,,AK,US,Marketing,Password1,TOP,CN=UsersLab,TOP.com
Walter,Dennis,,AK,US,Training,Password1,TOP,CN=UsersLab,TOP.com
Maisie,Graham,,AK,US,IT,Password1,TOP,CN=UsersLab,TOP.com
Giovanni,Newton,,AK,US,IT,Password1,TOP,CN=UsersLab,TOP.com
Braelynn,Conner,,AK,US,HR,Password1,TOP,CN=UsersLab,TOP.com
Phillip,Taylor,,AK,US,Marketing,Password1,TOP,CN=UsersLab,TOP.com
Sofia,McLaughlin,,AK,US,Training,Password1,TOP,CN=UsersLab,TOP.com
Ibrahim,Gray,,AK,US,IT,Password1,TOP,CN=UsersLab,TOP.com
Sarah,Vaughn,,AK,US,IT,Password1,TOP,CN=UsersLab,TOP.com
Remy,Phan,,AK,US,HR,Password1,TOP,CN=UsersLab,TOP.com
Elsa,Davis,,AK,US,Marketing,Password1,TOP,CN=UsersLab,TOP.com
Lucas,Franklin,,AK,US,Training,Password1,TOP,CN=UsersLab,TOP.com
Angela,Gonzalez,,AK,US,IT,Password1,TOP,CN=UsersLab,TOP.com
Ethan,Salinas,,PYN,KOR,IT,Password1,TOP,CN=UsersLab,TOP.com
Royalty,Huber,,PYN,KOR,HR,Password1,TOP,CN=UsersLab,TOP.com
Mac,Thornton,,PYN,KOR,Marketing,Password1,TOP,CN=UsersLab,TOP.com
Haisley,Lewis,,PYN,KOR,Training,Password1,TOP,CN=UsersLab,TOP.com
Wyatt,Atkinson,,PYN,KOR,IT,Password1,TOP,CN=UsersLab,TOP.com
Jazmin,Patterson,,AK,US,IT,Password1,TOP,CN=UsersLab,TOP.com
Amir,Baldwin,,AK,US,HR,Password1,TOP,CN=UsersLab,TOP.com
Esmeralda,Truong,,AK,US,Marketing,Password1,TOP,CN=UsersLab,TOP.com
Ayan,Keller,,AK,US,Training,Password1,TOP,CN=UsersLab,TOP.com
Logan,Fisher,,AK,US,IT,Password1,TOP,CN=UsersLab,TOP.com
Gael,Wade,,AK,US,IT,Password1,TOP,CN=UsersLab,TOP.com
Evie,Burke,,AK,US,HR,Password1,TOP,CN=UsersLab,TOP.com
Jax,Strickland,,AK,US,Marketing,Password1,TOP,CN=UsersLab,TOP.com
Nia,Deleon,,AK,US,Training,Password1,TOP,CN=UsersLab,TOP.com
Nasir,Baldwin,,AK,US,IT,Password1,TOP,CN=UsersLab,TOP.com
Esmeralda,O’Neal,,AK,US,IT,Password1,TOP,CN=UsersLab,TOP.com
Eddie,George,,AK,US,HR,Password1,TOP,CN=UsersLab,TOP.com
Adelyn,McCarthy,,AK,US,Marketing,Password1,TOP,CN=UsersLab,TOP.com
Devin,Dickerson,,AK,US,Training,Password1,TOP,CN=UsersLab,TOP.com
Opal,Garrett,,AK,US,IT,Password1,TOP,CN=UsersLab,TOP.com
Kairo,Jacobs,,PYN,KOR,IT,Password1,TOP,CN=UsersLab,TOP.com
Camilla,Silva,,PYN,KOR,HR,Password1,TOP,CN=UsersLab,TOP.com
Luka,Gray,,PYN,KOR,Marketing,Password1,TOP,CN=UsersLab,TOP.com
Sarah,Becker,,PYN,KOR,Training,Password1,TOP,CN=UsersLab,TOP.com
Lawson,Figueroa,,PYN,KOR,IT,Password1,TOP,CN=UsersLab,TOP.com
Lilith,Deleon,,AK,US,IT,Password1,TOP,CN=UsersLab,TOP.com
Nasir,Warren,,AK,US,HR,Password1,TOP,CN=UsersLab,TOP.com
Sloane,Franco,,AK,US,Marketing,Password1,TOP,CN=UsersLab,TOP.com
Gage,Walters,,AK,US,Training,Password1,TOP,CN=UsersLab,TOP.com
Samara,Whitney,,AK,US,IT,Password1,TOP,CN=UsersLab,TOP.com
Jeffery,Hail,,AK,US,IT,Password1,TOP,CN=UsersLab,TOP.com
Lainey,Gallagher,,AK,US,HR,Password1,TOP,CN=UsersLab,TOP.com
Marcos,Cardenas,,AK,US,Marketing,Password1,TOP,CN=UsersLab,TOP.com
Raven,Burns,,AK,US,Training,Password1,TOP,CN=UsersLab,TOP.com
August,Whitaker,,AK,US,IT,Password1,TOP,CN=UsersLab,TOP.com
Ivanna,Hines,,AK,US,IT,Password1,TOP,CN=UsersLab,TOP.com
Uriel,Michael,,AK,US,HR,Password1,TOP,CN=UsersLab,TOP.com
Aubriella,Noble,,AK,US,Marketing,Password1,TOP,CN=UsersLab,TOP.com
Idris,Wolfe,,AK,US,Training,Password1,TOP,CN=UsersLab,TOP.com
Hallie,McCann,,AK,US,IT,Password1,TOP,CN=UsersLab,TOP.com
Heath,Soto,,PYN,KOR,IT,Password1,TOP,CN=UsersLab,TOP.com
Brynlee,Herring,,PYN,KOR,HR,Password1,TOP,CN=UsersLab,TOP.com
Henrik,Shannon,,PYN,KOR,Marketing,Password1,TOP,CN=UsersLab,TOP.com
Harlee,Ortiz,,PYN,KOR,Training,Password1,TOP,CN=UsersLab,TOP.com
Landon,Pruitt,,PYN,KOR,IT,Password1,TOP,CN=UsersLab,TOP.com
Brylee,Nelson,,AK,US,IT,Password1,TOP,CN=UsersLab,TOP.com
Dylan,Charles,,AK,US,HR,Password1,TOP,CN=UsersLab,TOP.com
Jenna,Molina,,AK,US,Marketing,Password1,TOP,CN=UsersLab,TOP.com
Prince,Jensen,,AK,US,Training,Password1,TOP,CN=UsersLab,TOP.com
Jane,Ibarra,,AK,US,IT,Password1,TOP,CN=UsersLab,TOP.com
Asa,Gray,,AK,US,IT,Password1,TOP,CN=UsersLab,TOP.com
Sarah,Dejesus,,AK,US,HR,Password1,TOP,CN=UsersLab,TOP.com
Rio,Kirby,,AK,US,Marketing,Password1,TOP,CN=UsersLab,TOP.com
Skyla,Lloyd,,AK,US,Training,Password1,TOP,CN=UsersLab,TOP.com
Zaire,Horton,,AK,US,IT,Password1,TOP,CN=UsersLab,TOP.com
Aitana,Yates,,AK,US,IT,Password1,TOP,CN=UsersLab,TOP.com
Braylon,Keith,,AK,US,HR,Password1,TOP,CN=UsersLab,TOP.com
Elyse,Arias,,AK,US,Marketing,Password1,TOP,CN=UsersLab,TOP.com
Alec,Conley,,AK,US,Training,Password1,TOP,CN=UsersLab,TOP.com
Salem,Brock,,AK,US,IT,Password1,TOP,CN=UsersLab,TOP.com
Julio,Gonzalez,,PYN,KOR,IT,Password1,TOP,CN=UsersLab,TOP.com
Abigail,Crosby,,PYN,KOR,HR,Password1,TOP,CN=UsersLab,TOP.com
Tristen,Underwood,,PYN,KOR,Marketing,Password1,TOP,CN=UsersLab,TOP.com
Ensley,Hampton,,PYN,KOR,Training,Password1,TOP,CN=UsersLab,TOP.com
Hank,Zuniga,,PYN,KOR,IT,Password1,TOP,CN=UsersLab,TOP.com
Leslie,Gonzalez,,AK,US,IT,Password1,TOP,CN=UsersLab,TOP.com
Ethan,Hawkins,,AK,US,HR,Password1,TOP,CN=UsersLab,TOP.com
Ariel,Miranda,,AK,US,Marketing,Password1,TOP,CN=UsersLab,TOP.com
Rory,Powell,,AK,US,Training,Password1,TOP,CN=UsersLab,TOP.com
Vivian,Ventura,,AK,US,IT,Password1,TOP,CN=UsersLab,TOP.com
Branson,Little,,AK,US,IT,Password1,TOP,CN=UsersLab,TOP.com
Harley,McClain,,AK,US,HR,Password1,TOP,CN=UsersLab,TOP.com
Mitchell,Pittman,,AK,US,Marketing,Password1,TOP,CN=UsersLab,TOP.com
Marie,Garrison,,AK,US,Training,Password1,TOP,CN=UsersLab,TOP.com
Noe,Hartman,,AK,US,IT,Password1,TOP,CN=UsersLab,TOP.com
Kennedi,Velazquez,,AK,US,IT,Password1,TOP,CN=UsersLab,TOP.com
Drew,Ayers,,AK,US,HR,Password1,TOP,CN=UsersLab,TOP.com
Simone,Moreno,,AK,US,Marketing,Password1,TOP,CN=UsersLab,TOP.com
Myles,Glenn,,AK,US,Training,Password1,TOP,CN=UsersLab,TOP.com
Blaire,Tate,,AK,US,IT,Password1,TOP,CN=UsersLab,TOP.com
Dalton,Woods,,PYN,KOR,IT,Password1,TOP,CN=UsersLab,TOP.com
Reese,Fernandez,,PYN,KOR,HR,Password1,TOP,CN=UsersLab,TOP.com
Bentley,Moyer,,PYN,KOR,Marketing,Password1,TOP,CN=UsersLab,TOP.com
Zola,Padilla,,PYN,KOR,Training,Password1,TOP,CN=UsersLab,TOP.com
Jaden,Huffman,,PYN,KOR,IT,Password1,TOP,CN=UsersLab,TOP.com
Hayley,Montes,,AK,US,IT,Password1,TOP,CN=UsersLab,TOP.com
Darren,Stafford,,AK,US,HR,Password1,TOP,CN=UsersLab,TOP.com
Bridget,Thornton,,AK,US,Marketing,Password1,TOP,CN=UsersLab,TOP.com
Malik,Kent,,AK,US,Training,Password1,TOP,CN=UsersLab,TOP.com
Jazmine,Felix,,AK,US,IT,Password1,TOP,CN=UsersLab,TOP.com
Rodney,Delgado,,AK,US,IT,Password1,TOP,CN=UsersLab,TOP.com
Alani,Hobbs,,AK,US,HR,Password1,TOP,CN=UsersLab,TOP.com
Brendan,Atkinson,,AK,US,Marketing,Password1,TOP,CN=UsersLab,TOP.com
Jazmin,Cano,,AK,US,Training,Password1,TOP,CN=UsersLab,TOP.com
Terry,Baxter,,AK,US,IT,Password1,TOP,CN=UsersLab,TOP.com
Lara,Hickman,,AK,US,IT,Password1,TOP,CN=UsersLab,TOP.com
Jakobe,O’Connor,,AK,US,HR,Password1,TOP,CN=UsersLab,TOP.com
Charli,Ray,,AK,US,Marketing,Password1,TOP,CN=UsersLab,TOP.com
Arlo,Coleman,,AK,US,Training,Password1,TOP,CN=UsersLab,TOP.com
Julia,Velez,,AK,US,IT,Password1,TOP,CN=UsersLab,TOP.com
Kareem,Briggs,,PYN,KOR,IT,Password1,TOP,CN=UsersLab,TOP.com
Alia,Fletcher,,PYN,KOR,HR,Password1,TOP,CN=UsersLab,TOP.com
Jay,Rangel,,PYN,KOR,Marketing,Password1,TOP,CN=UsersLab,TOP.com
Gloria,Good,,PYN,KOR,Training,Password1,TOP,CN=UsersLab,TOP.com
Davian,Hogan,,PYN,KOR,IT,Password1,TOP,CN=UsersLab,TOP.com
Kathryn,Burnett,,AK,US,IT,Password1,TOP,CN=UsersLab,TOP.com
Davis,West,,AK,US,HR,Password1,TOP,CN=UsersLab,TOP.com
Remi,Charles,,AK,US,Marketing,Password1,TOP,CN=UsersLab,TOP.com
Conrad,Gillespie,,AK,US,Training,Password1,TOP,CN=UsersLab,TOP.com
Alianna,Morrow,,AK,US,IT,Password1,TOP,CN=UsersLab,TOP.com
Kyree,Meadows,,AK,US,IT,Password1,TOP,CN=UsersLab,TOP.com
Pearl,Pennington,,AK,US,HR,Password1,TOP,CN=UsersLab,TOP.com
Bobby,Novak,,AK,US,Marketing,Password1,TOP,CN=UsersLab,TOP.com
Kaiya,Franklin,,AK,US,Training,Password1,TOP,CN=UsersLab,TOP.com
Simon,Valencia,,AK,US,IT,Password1,TOP,CN=UsersLab,TOP.com
Maddison,Allen,,AK,US,IT,Password1,TOP,CN=UsersLab,TOP.com
Carter,Atkinson,,AK,US,HR,Password1,TOP,CN=UsersLab,TOP.com
Jazmin,Sampson,,AK,US,Marketing,Password1,TOP,CN=UsersLab,TOP.com
Cain,Coffey,,AK,US,Training,Password1,TOP,CN=UsersLab,TOP.com
Paola,Donaldson,,AK,US,IT,Password1,TOP,CN=UsersLab,TOP.com
Canaan,Manning,,PYN,KOR,IT,Password1,TOP,CN=UsersLab,TOP.com
Jennifer,Bruce,,PYN,KOR,HR,Password1,TOP,CN=UsersLab,TOP.com
Uriah,James,,PYN,KOR,Marketing,Password1,TOP,CN=UsersLab,TOP.com
Quinn,Barton,,PYN,KOR,Training,Password1,TOP,CN=UsersLab,TOP.com
Cassius,Roach,,PYN,KOR,IT,Password1,TOP,CN=UsersLab,TOP.com
Lyanna,Vaughn,,AK,US,IT,Password1,TOP,CN=UsersLab,TOP.com
Remy,Swanson,,AK,US,HR,Password1,TOP,CN=UsersLab,TOP.com
Helen,Walsh,,AK,US,Marketing,Password1,TOP,CN=UsersLab,TOP.com
Bodhi,Olson,,AK,US,Training,Password1,TOP,CN=UsersLab,TOP.com
Isabel,Shaw,,AK,US,IT,Password1,TOP,CN=UsersLab,TOP.com
Elliot,Lambert,,AK,US,IT,Password1,TOP,CN=UsersLab,TOP.com
Nina,Parsons,,AK,US,HR,Password1,TOP,CN=UsersLab,TOP.com
Lewis,Bullock,,AK,US,Marketing,Password1,TOP,CN=UsersLab,TOP.com
Winnie,Cuevas,,AK,US,Training,Password1,TOP,CN=UsersLab,TOP.com
Brecken,Stout,,AK,US,IT,Password1,TOP,CN=UsersLab,TOP.com
Chana,Barron,,AK,US,IT,Password1,TOP,CN=UsersLab,TOP.com
Dustin,Norman,,AK,US,HR,Password1,TOP,CN=UsersLab,TOP.com
Malani,Fernandez,,AK,US,Marketing,Password1,TOP,CN=UsersLab,TOP.com
Bentley,Xiong,,AK,US,Training,Password1,TOP,CN=UsersLab,TOP.com
Amayah,Burns,,AK,US,IT,Password1,TOP,CN=UsersLab,TOP.com
August,Dunlap,,PYN,KOR,IT,Password1,TOP,CN=UsersLab,TOP.com
Iliana,Gross,,PYN,KOR,HR,Password1,TOP,CN=UsersLab,TOP.com
Quinn,Shepherd,,PYN,KOR,Marketing,Password1,TOP,CN=UsersLab,TOP.com
Katalina,Moses,,PYN,KOR,Training,Password1,TOP,CN=UsersLab,TOP.com
Niklaus,Newman,,PYN,KOR,IT,Password1,TOP,CN=UsersLab,TOP.com
Oaklynn,Barber,,AK,US,IT,Password1,TOP,CN=UsersLab,TOP.com
Solomon,Duffy,,AK,US,HR,Password1,TOP,CN=UsersLab,TOP.com
Addisyn,Huber,,AK,US,Marketing,Password1,TOP,CN=UsersLab,TOP.com
Mac,McMillan,,AK,US,Training,Password1,TOP,CN=UsersLab,TOP.com
Oakleigh,Perkins,,AK,US,IT,Password1,TOP,CN=UsersLab,TOP.com
Kyrie,Randolph,,AK,US,IT,Password1,TOP,CN=UsersLab,TOP.com
Kailey,Cochran,,AK,US,HR,Password1,TOP,CN=UsersLab,TOP.com
Danny,Finley,,AK,US,Marketing,Password1,TOP,CN=UsersLab,TOP.com
Jovie,Hess,,AK,US,Training,Password1,TOP,CN=UsersLab,TOP.com
Lawrence,Delarosa,,AK,US,IT,Password1,TOP,CN=UsersLab,TOP.com
Iyla,Patrick,,AK,US,IT,Password1,TOP,CN=UsersLab,TOP.com
Derrick,Hawkins,,AK,US,HR,Password1,TOP,CN=UsersLab,TOP.com
Ariel,Wyatt,,AK,US,Marketing,Password1,TOP,CN=UsersLab,TOP.com
Sam,Rodgers,,AK,US,Training,Password1,TOP,CN=UsersLab,TOP.com
Selah,Cortez,,AK,US,IT,Password1,TOP,CN=UsersLab,TOP.com
Zayn,Davenport,,PYN,KOR,IT,Password1,TOP,CN=UsersLab,TOP.com
Adrianna,Herring,,PYN,KOR,HR,Password1,TOP,CN=UsersLab,TOP.com
Henrik,Pena,,PYN,KOR,Marketing,Password1,TOP,CN=UsersLab,TOP.com
Rachel,Zamora,,PYN,KOR,Training,Password1,TOP,CN=UsersLab,TOP.com
Quentin,Landry,,PYN,KOR,IT,Password1,TOP,CN=UsersLab,TOP.com
Brynleigh,Wyatt,,AK,US,IT,Password1,TOP,CN=UsersLab,TOP.com
Sam,McCormick,,AK,US,HR,Password1,TOP,CN=UsersLab,TOP.com
Macie,King,,AK,US,Marketing,Password1,TOP,CN=UsersLab,TOP.com
Julian,Kirby,,AK,US,Training,Password1,TOP,CN=UsersLab,TOP.com
Skyla,Terrell,,AK,US,IT,Password1,TOP,CN=UsersLab,TOP.com
Jaxen,Hurst,,AK,US,IT,Password1,TOP,CN=UsersLab,TOP.com
Adalee,Fuller,,AK,US,HR,Password1,TOP,CN=UsersLab,TOP.com
Andre,Murillo,,AK,US,Marketing,Password1,TOP,CN=UsersLab,TOP.com
Mikaela,McIntyre,,AK,US,Training,Password1,TOP,CN=UsersLab,TOP.com
Eliseo,Peralta,,AK,US,IT,Password1,TOP,CN=UsersLab,TOP.com
Malayah,Lam,,AK,US,IT,Password1,TOP,CN=UsersLab,TOP.com
Bodie,Truong,,AK,US,HR,Password1,TOP,CN=UsersLab,TOP.com
Judith,Adams,,AK,US,Marketing,Password1,TOP,CN=UsersLab,TOP.com
Hudson,Marshall,,AK,US,Training,Password1,TOP,CN=UsersLab,TOP.com
Adalyn,Foster,,AK,US,IT,Password1,TOP,CN=UsersLab,TOP.com
Kayden,Webster,,PYN,KOR,IT,Password1,TOP,CN=UsersLab,TOP.com
Kensley,Atkins,,PYN,KOR,HR,Password1,TOP,CN=UsersLab,TOP.com
Cason,Harris,,PYN,KOR,Marketing,Password1,TOP,CN=UsersLab,TOP.com
Penelope,Moon,,PYN,KOR,Training,Password1,TOP,CN=UsersLab,TOP.com
Nova,Bowman,,PYN,KOR,IT,Password1,TOP,CN=UsersLab,TOP.com
Fiona,Lynn,,AK,US,IT,Password1,TOP,CN=UsersLab,TOP.com
Zechariah,Hunter,,AK,US,HR,Password1,TOP,CN=UsersLab,TOP.com
Khloe,Beard,,AK,US,Marketing,Password1,TOP,CN=UsersLab,TOP.com
Nathanael,Cortez,,AK,US,Training,Password1,TOP,CN=UsersLab,TOP.com
Haven,Lane,,AK,US,IT,Password1,TOP,CN=UsersLab,TOP.com
Matias,Arroyo,,AK,US,IT,Password1,TOP,CN=UsersLab,TOP.com
Kyra,Cabrera,,AK,US,HR,Password1,TOP,CN=UsersLab,TOP.com
Cade,Callahan,,AK,US,Marketing,Password1,TOP,CN=UsersLab,TOP.com
Kimber,Peters,,AK,US,Training,Password1,TOP,CN=UsersLab,TOP.com
Patrick,Hampton,,AK,US,IT,Password1,TOP,CN=UsersLab,TOP.com
Leona,Richard,,AK,US,IT,Password1,TOP,CN=UsersLab,TOP.com
Ahmed,Melton,,AK,US,HR,Password1,TOP,CN=UsersLab,TOP.com
Kamiyah,Boyer,,AK,US,Marketing,Password1,TOP,CN=UsersLab,TOP.com
Zeke,Nash,,AK,US,Training,Password1,TOP,CN=UsersLab,TOP.com
Novah,Lara,,AK,US,IT,Password1,TOP,CN=UsersLab,TOP.com
Caiden,Horne,,PYN,KOR,IT,Password1,TOP,CN=UsersLab,TOP.com
Marlowe,Graham,,PYN,KOR,HR,Password1,TOP,CN=UsersLab,TOP.com
Giovanni,Cobb,,PYN,KOR,Marketing,Password1,TOP,CN=UsersLab,TOP.com
Aviana,McKinney,,PYN,KOR,Training,Password1,TOP,CN=UsersLab,TOP.com
Romeo,Stevens,,PYN,KOR,IT,Password1,TOP,CN=UsersLab,TOP.com
Katherine,Nava,,AK,US,IT,Password1,TOP,CN=UsersLab,TOP.com
Stefan,Compton,,AK,US,HR,Password1,TOP,CN=UsersLab,TOP.com
Elina,Poole,,AK,US,Marketing,Password1,TOP,CN=UsersLab,TOP.com
Quincy,Fitzgerald,,AK,US,Training,Password1,TOP,CN=UsersLab,TOP.com
Marlee,Macias,,AK,US,IT,Password1,TOP,CN=UsersLab,TOP.com
Moshe,Jennings,,AK,US,IT,Password1,TOP,CN=UsersLab,TOP.com
Palmer,Preston,,AK,US,HR,Password1,TOP,CN=UsersLab,TOP.com
Vincenzo,Johnston,,AK,US,Marketing,Password1,TOP,CN=UsersLab,TOP.com
Laila,Ashley,,AK,US,Training,Password1,TOP,CN=UsersLab,TOP.com
Kylen,Ventura,,AK,US,IT,Password1,TOP,CN=UsersLab,TOP.com
Zora,Wiggins,,AK,US,IT,Password1,TOP,CN=UsersLab,TOP.com
Azariah,Caldwell,,AK,US,HR,Password1,TOP,CN=UsersLab,TOP.com
Evelynn,Rowland,,AK,US,Marketing,Password1,TOP,CN=UsersLab,TOP.com
Eliezer,Gray,,AK,US,Training,Password1,TOP,CN=UsersLab,TOP.com
Sarah,Kennedy,,AK,US,IT,Password1,TOP,CN=UsersLab,TOP.com
Maxwell,Navarro,,PYN,KOR,IT,Password1,TOP,CN=UsersLab,TOP.com
Winter,Kerr,,PYN,KOR,HR,Password1,TOP,CN=UsersLab,TOP.com
Louie,Phelps,,PYN,KOR,Marketing,Password1,TOP,CN=UsersLab,TOP.com
Laney,Fuller,,PYN,KOR,Training,Password1,TOP,CN=UsersLab,TOP.com
Andre,Rosario,,PYN,KOR,IT,Password1,TOP,CN=UsersLab,TOP.com
Louisa,Lewis,,AK,US,IT,Password1,TOP,CN=UsersLab,TOP.com
Wyatt,Warner,,AK,US,HR,Password1,TOP,CN=UsersLab,TOP.com
Wynter,Webster,,AK,US,Marketing,Password1,TOP,CN=UsersLab,TOP.com
Shawn,Sosa,,AK,US,Training,Password1,TOP,CN=UsersLab,TOP.com
Cassandra,Holland,,AK,US,IT,Password1,TOP,CN=UsersLab,TOP.com
Brady,Shelton,,AK,US,IT,Password1,TOP,CN=UsersLab,TOP.com
Makenzie,Richardson,,AK,US,HR,Password1,TOP,CN=UsersLab,TOP.com
Robert,Cuevas,,AK,US,Marketing,Password1,TOP,CN=UsersLab,TOP.com
Adele,Salas,,AK,US,Training,Password1,TOP,CN=UsersLab,TOP.com
Zaiden,Choi,,AK,US,IT,Password1,TOP,CN=UsersLab,TOP.com
Karla,Sims,,AK,US,IT,Password1,TOP,CN=UsersLab,TOP.com
Brian,Olsen,,AK,US,HR,Password1,TOP,CN=UsersLab,TOP.com
Oaklyn,Romero,,AK,US,Marketing,Password1,TOP,CN=UsersLab,TOP.com
Bryson,Reese,,AK,US,Training,Password1,TOP,CN=UsersLab,TOP.com
Rosemary,Ho,,AK,US,IT,Password1,TOP,CN=UsersLab,TOP.com
Morgan,Jennings,,PYN,KOR,IT,Password1,TOP,CN=UsersLab,TOP.com
Palmer,Williams,,PYN,KOR,HR,Password1,TOP,CN=UsersLab,TOP.com
Oliver,Pace,,PYN,KOR,Marketing,Password1,TOP,CN=UsersLab,TOP.com
Giana,Pena,,PYN,KOR,Training,Password1,TOP,CN=UsersLab,TOP.com
Marcus,Bridges,,PYN,KOR,IT,Password1,TOP,CN=UsersLab,TOP.com
Elora,Wise,,AK,US,IT,Password1,TOP,CN=UsersLab,TOP.com
Frederick,Logan,,AK,US,HR,Password1,TOP,CN=UsersLab,TOP.com
Kora,Palmer,,AK,US,Marketing,Password1,TOP,CN=UsersLab,TOP.com
Theo,Blankenship,,AK,US,Training,Password1,TOP,CN=UsersLab,TOP.com
Rosalee,Bravo,,AK,US,IT,Password1,TOP,CN=UsersLab,TOP.com
Genesis,McPherson,,AK,US,IT,Password1,TOP,CN=UsersLab,TOP.com
Emmaline,Walker,,AK,US,HR,Password1,TOP,CN=UsersLab,TOP.com
Luke,Sims,,AK,US,Marketing,Password1,TOP,CN=UsersLab,TOP.com
Lena,Cameron,,AK,US,Training,Password1,TOP,CN=UsersLab,TOP.com
Rayan,Skinner,,AK,US,IT,Password1,TOP,CN=UsersLab,TOP.com
Mara,Jennings,,AK,US,IT,Password1,TOP,CN=UsersLab,TOP.com
Corbin,O’Neill,,AK,US,HR,Password1,TOP,CN=UsersLab,TOP.com
Kenna,Grant,,AK,US,Marketing,Password1,TOP,CN=UsersLab,TOP.com
Leon,Gilmore,,AK,US,Training,Password1,TOP,CN=UsersLab,TOP.com
Chanel,Bowers,,AK,US,IT,Password1,TOP,CN=UsersLab,TOP.com
Dorian,Xiong,,PYN,KOR,IT,Password1,TOP,CN=UsersLab,TOP.com
